source,page_slug,alt,original_url,local_asset_path,download_status
OSTA,crs-imputation,,https://bioconductor.org/books/release/OSTA/pages/crs-imputation_files/figure-html/plt-map-1.png,materials/raw/bioconductor_books/assets/OSTA/crs-imputation/plt-map-1.png,exists
OSTA,crs-imputation,,https://bioconductor.org/books/release/OSTA/pages/crs-imputation_files/figure-html/plt-pcr-1.png,materials/raw/bioconductor_books/assets/OSTA/crs-imputation/plt-pcr-1.png,exists
OSTA,crs-imputation,,https://bioconductor.org/books/release/OSTA/pages/crs-imputation_files/figure-html/plt-xy-one-1.png,materials/raw/bioconductor_books/assets/OSTA/crs-imputation/plt-xy-one-1.png,exists
OSTA,crs-imputation,,https://bioconductor.org/books/release/OSTA/pages/crs-imputation_files/figure-html/plt-cor-1.png,materials/raw/bioconductor_books/assets/OSTA/crs-imputation/plt-cor-1.png,exists
OSTA,crs-imputation,,https://bioconductor.org/books/release/OSTA/pages/crs-imputation_files/figure-html/plt-xy-two-1.png,materials/raw/bioconductor_books/assets/OSTA/crs-imputation/plt-xy-two-1.png,exists
OSTA,bkg-python-interoperability,,https://bioconductor.org/books/release/OSTA/pages/bkg-python-interoperability_files/figure-html/plot-ad-1.png,materials/raw/bioconductor_books/assets/OSTA/bkg-python-interoperability/plot-ad-1.png,exists
OSTA,osta,,https://bioconductor.org/books/release/OSTA/images/carousel/01_Bioc.png,materials/raw/bioconductor_books/assets/OSTA/osta/01_Bioc.png,exists
OSTA,osta,,https://bioconductor.org/books/release/OSTA/images/carousel/02_OSTA.png,materials/raw/bioconductor_books/assets/OSTA/osta/02_OSTA.png,exists
OSTA,osta,,https://bioconductor.org/books/release/OSTA/images/carousel/03_OSTA.data.png,materials/raw/bioconductor_books/assets/OSTA/osta/03_OSTA.data.png,exists
OSTA,ind-spatial-statistics,,https://bioconductor.org/books/release/OSTA/pages/ind-spatial-statistics_files/figure-html/weight_matrix-1.png,materials/raw/bioconductor_books/assets/OSTA/ind-spatial-statistics/weight_matrix-1.png,exists
OSTA,ind-spatial-statistics,,https://bioconductor.org/books/release/OSTA/pages/ind-spatial-statistics_files/figure-html/plot_moran_genes-1.png,materials/raw/bioconductor_books/assets/OSTA/ind-spatial-statistics/plot_moran_genes-1.png,exists
OSTA,ind-spatial-statistics,,https://bioconductor.org/books/release/OSTA/pages/ind-spatial-statistics_files/figure-html/local_moran-1.png,materials/raw/bioconductor_books/assets/OSTA/ind-spatial-statistics/local_moran-1.png,exists
OSTA,ind-spatial-statistics,,https://bioconductor.org/books/release/OSTA/pages/ind-spatial-statistics_files/figure-html/local_moran_pvals-1.png,materials/raw/bioconductor_books/assets/OSTA/ind-spatial-statistics/local_moran_pvals-1.png,exists
OSTA,ind-spatial-statistics,,https://bioconductor.org/books/release/OSTA/pages/ind-spatial-statistics_files/figure-html/local_lees_l-1.png,materials/raw/bioconductor_books/assets/OSTA/ind-spatial-statistics/local_lees_l-1.png,exists
OSTA,ind-spatial-statistics,,https://bioconductor.org/books/release/OSTA/pages/ind-spatial-statistics_files/figure-html/clustering-1.png,materials/raw/bioconductor_books/assets/OSTA/ind-spatial-statistics/clustering-1.png,exists
OSTA,ind-spatial-statistics,,https://bioconductor.org/books/release/OSTA/pages/ind-spatial-statistics_files/figure-html/plot_object-1.png,materials/raw/bioconductor_books/assets/OSTA/ind-spatial-statistics/plot_object-1.png,exists
OSTA,ind-spatial-statistics,,https://bioconductor.org/books/release/OSTA/pages/ind-spatial-statistics_files/figure-html/estimating_intensity-1.png,materials/raw/bioconductor_books/assets/OSTA/ind-spatial-statistics/estimating_intensity-1.png,exists
OSTA,ind-spatial-statistics,,https://bioconductor.org/books/release/OSTA/pages/ind-spatial-statistics_files/figure-html/unnamed-chunk-3-1.png,materials/raw/bioconductor_books/assets/OSTA/ind-spatial-statistics/unnamed-chunk-3-1.png,exists
OSTA,ind-spatial-statistics,,https://bioconductor.org/books/release/OSTA/pages/ind-spatial-statistics_files/figure-html/nndist-1.png,materials/raw/bioconductor_books/assets/OSTA/ind-spatial-statistics/nndist-1.png,exists
OSTA,ind-spatial-statistics,,https://bioconductor.org/books/release/OSTA/pages/ind-spatial-statistics_files/figure-html/localK_1-1.png,materials/raw/bioconductor_books/assets/OSTA/ind-spatial-statistics/localK_1-1.png,exists
OSTA,ind-spatial-statistics,,https://bioconductor.org/books/release/OSTA/pages/ind-spatial-statistics_files/figure-html/localK_2-1.png,materials/raw/bioconductor_books/assets/OSTA/ind-spatial-statistics/localK_2-1.png,exists
OSTA,crs-workflow-xenvis,H&E staining,https://bioconductor.org/books/release/OSTA/images/xenvis-visium.png,materials/raw/bioconductor_books/assets/OSTA/crs-workflow-xenvis/xenvis-visium.png,exists
OSTA,crs-workflow-xenvis,Xenium IF,https://bioconductor.org/books/release/OSTA/images/xenvis-xenium.png,materials/raw/bioconductor_books/assets/OSTA/crs-workflow-xenvis/xenvis-xenium.png,exists
OSTA,crs-workflow-xenvis,,https://bioconductor.org/books/release/OSTA/pages/crs-workflow-xenvis_files/figure-html/plt-xy-1.png,materials/raw/bioconductor_books/assets/OSTA/crs-workflow-xenvis/plt-xy-1.png,exists
OSTA,crs-workflow-xenvis,,https://bioconductor.org/books/release/OSTA/pages/crs-workflow-xenvis_files/figure-html/plt-ncs-1.png,materials/raw/bioconductor_books/assets/OSTA/crs-workflow-xenvis/plt-ncs-1.png,exists
OSTA,crs-workflow-xenvis,,https://bioconductor.org/books/release/OSTA/pages/crs-workflow-xenvis_files/figure-html/plt-sum-1.png,materials/raw/bioconductor_books/assets/OSTA/crs-workflow-xenvis/plt-sum-1.png,exists
OSTA,crs-workflow-xenvis,,https://bioconductor.org/books/release/OSTA/pages/crs-workflow-xenvis_files/figure-html/plt-pts-1.png,materials/raw/bioconductor_books/assets/OSTA/crs-workflow-xenvis/plt-pts-1.png,exists
OSTA,crs-workflow-xenvis,,https://bioconductor.org/books/release/OSTA/pages/crs-workflow-xenvis_files/figure-html/plt-map-1.png,materials/raw/bioconductor_books/assets/OSTA/crs-workflow-xenvis/plt-map-1.png,exists
OSTA,crs-workflow-xenvis,,https://bioconductor.org/books/release/OSTA/pages/crs-workflow-xenvis_files/figure-html/plt-clu-1.png,materials/raw/bioconductor_books/assets/OSTA/crs-workflow-xenvis/plt-clu-1.png,exists
OSTA,mult-diff-spatial-patterns,,https://bioconductor.org/books/release/OSTA/pages/mult-diff-spatial-patterns_files/figure-html/plt-clu-xy-1.png,materials/raw/bioconductor_books/assets/OSTA/mult-diff-spatial-patterns/plt-clu-xy-1.png,exists
OSTA,mult-diff-spatial-patterns,,https://bioconductor.org/books/release/OSTA/pages/mult-diff-spatial-patterns_files/figure-html/plt-xy-1.png,materials/raw/bioconductor_books/assets/OSTA/mult-diff-spatial-patterns/plt-xy-1.png,exists
OSTA,mult-diff-spatial-patterns,,https://bioconductor.org/books/release/OSTA/pages/mult-diff-spatial-patterns_files/figure-html/plt-cpm-1.png,materials/raw/bioconductor_books/assets/OSTA/mult-diff-spatial-patterns/plt-cpm-1.png,exists
OSTA,seq-deconvolution,,https://bioconductor.org/books/release/OSTA/images/seq-deconvolution.png,materials/raw/bioconductor_books/assets/OSTA/seq-deconvolution/seq-deconvolution.png,exists
OSTA,seq-deconvolution,,https://bioconductor.org/books/release/OSTA/pages/seq-deconvolution_files/figure-html/plt-hne-1.png,materials/raw/bioconductor_books/assets/OSTA/seq-deconvolution/plt-hne-1.png,exists
OSTA,seq-deconvolution,,https://bioconductor.org/books/release/OSTA/pages/seq-deconvolution_files/figure-html/plt-xy-qc-1.png,materials/raw/bioconductor_books/assets/OSTA/seq-deconvolution/plt-xy-qc-1.png,exists
OSTA,seq-deconvolution,,https://bioconductor.org/books/release/OSTA/pages/seq-deconvolution_files/figure-html/visanno-1.png,materials/raw/bioconductor_books/assets/OSTA/seq-deconvolution/visanno-1.png,exists
OSTA,seq-deconvolution,,https://bioconductor.org/books/release/OSTA/pages/seq-deconvolution_files/figure-html/plt-dec-xy-rctd-1.png,materials/raw/bioconductor_books/assets/OSTA/seq-deconvolution/plt-dec-xy-rctd-1.png,exists
OSTA,seq-deconvolution,,https://bioconductor.org/books/release/OSTA/pages/seq-deconvolution_files/figure-html/plt-dec-xy-card-1.png,materials/raw/bioconductor_books/assets/OSTA/seq-deconvolution/plt-dec-xy-card-1.png,exists
OSTA,seq-deconvolution,,https://bioconductor.org/books/release/OSTA/pages/seq-deconvolution_files/figure-html/heatmap-1.png,materials/raw/bioconductor_books/assets/OSTA/seq-deconvolution/heatmap-1.png,exists
OSTA,seq-deconvolution,,https://bioconductor.org/books/release/OSTA/pages/seq-deconvolution_files/figure-html/heatmap-2.png,materials/raw/bioconductor_books/assets/OSTA/seq-deconvolution/heatmap-2.png,exists
OSTA,seq-deconvolution,,https://bioconductor.org/books/release/OSTA/pages/seq-deconvolution_files/figure-html/plt-clu-xy-1.png,materials/raw/bioconductor_books/assets/OSTA/seq-deconvolution/plt-clu-xy-1.png,exists
OSTA,seq-deconvolution,,https://bioconductor.org/books/release/OSTA/pages/seq-deconvolution_files/figure-html/plt-clu-fq-1.png,materials/raw/bioconductor_books/assets/OSTA/seq-deconvolution/plt-clu-fq-1.png,exists
OSTA,seq-deconvolution,,https://bioconductor.org/books/release/OSTA/pages/seq-deconvolution_files/figure-html/dec-clu-nostroma-1.png,materials/raw/bioconductor_books/assets/OSTA/seq-deconvolution/dec-clu-nostroma-1.png,exists
OSTA,seq-deconvolution,,https://bioconductor.org/books/release/OSTA/pages/seq-deconvolution_files/figure-html/dec-clu-nostroma-2.png,materials/raw/bioconductor_books/assets/OSTA/seq-deconvolution/dec-clu-nostroma-2.png,exists
OSTA,seq-deconvolution,,https://bioconductor.org/books/release/OSTA/pages/seq-deconvolution_files/figure-html/pcr-plot-1.png,materials/raw/bioconductor_books/assets/OSTA/seq-deconvolution/pcr-plot-1.png,exists
OSTA,seq-deconvolution,,https://bioconductor.org/books/release/OSTA/pages/seq-deconvolution_files/figure-html/plt-pcs-xy-1.png,materials/raw/bioconductor_books/assets/OSTA/seq-deconvolution/plt-pcs-xy-1.png,exists
OSTA,img-workflow-xenium,,https://bioconductor.org/books/release/OSTA/pages/img-workflow-xenium_files/figure-html/plt-ol-1.png,materials/raw/bioconductor_books/assets/OSTA/img-workflow-xenium/plt-ol-1.png,exists
OSTA,img-workflow-xenium,,https://bioconductor.org/books/release/OSTA/pages/img-workflow-xenium_files/figure-html/plt-sub-1.png,materials/raw/bioconductor_books/assets/OSTA/img-workflow-xenium/plt-sub-1.png,exists
OSTA,img-workflow-xenium,,https://bioconductor.org/books/release/OSTA/pages/img-workflow-xenium_files/figure-html/plt-gs-xy-1.png,materials/raw/bioconductor_books/assets/OSTA/img-workflow-xenium/plt-gs-xy-1.png,exists
OSTA,img-workflow-xenium,,https://bioconductor.org/books/release/OSTA/pages/img-workflow-xenium_files/figure-html/plt-clu-1.png,materials/raw/bioconductor_books/assets/OSTA/img-workflow-xenium/plt-clu-1.png,exists
OSTA,img-workflow-xenium,,https://bioconductor.org/books/release/OSTA/pages/img-workflow-xenium_files/figure-html/mgs-1.png,materials/raw/bioconductor_books/assets/OSTA/img-workflow-xenium/mgs-1.png,exists
OSTA,osta,,https://bioconductor.org/books/release/OSTA/images/carousel/01_Bioc.png,materials/raw/bioconductor_books/assets/OSTA/osta/01_Bioc.png,exists
OSTA,osta,,https://bioconductor.org/books/release/OSTA/images/carousel/02_OSTA.png,materials/raw/bioconductor_books/assets/OSTA/osta/02_OSTA.png,exists
OSTA,osta,,https://bioconductor.org/books/release/OSTA/images/carousel/03_OSTA.data.png,materials/raw/bioconductor_books/assets/OSTA/osta/03_OSTA.data.png,exists
OSTA,img-neighborhood-analysis,,https://bioconductor.org/books/release/OSTA/pages/img-neighborhood-analysis_files/figure-html/nns-plot-1.png,materials/raw/bioconductor_books/assets/OSTA/img-neighborhood-analysis/nns-plot-1.png,exists
OSTA,img-neighborhood-analysis,,https://bioconductor.org/books/release/OSTA/pages/img-neighborhood-analysis_files/figure-html/imcRtools-plot-1.png,materials/raw/bioconductor_books/assets/OSTA/img-neighborhood-analysis/imcRtools-plot-1.png,exists
OSTA,img-neighborhood-analysis,,https://bioconductor.org/books/release/OSTA/pages/img-neighborhood-analysis_files/figure-html/hoodscanR-plot-corr-1.png,materials/raw/bioconductor_books/assets/OSTA/img-neighborhood-analysis/hoodscanR-plot-corr-1.png,exists
OSTA,img-neighborhood-analysis,,https://bioconductor.org/books/release/OSTA/pages/img-neighborhood-analysis_files/figure-html/hoodscanR-plot-mets-xy-1.png,materials/raw/bioconductor_books/assets/OSTA/img-neighborhood-analysis/hoodscanR-plot-mets-xy-1.png,exists
OSTA,img-neighborhood-analysis,,https://bioconductor.org/books/release/OSTA/pages/img-neighborhood-analysis_files/figure-html/hoodscanR-plot-mets-k-1.png,materials/raw/bioconductor_books/assets/OSTA/img-neighborhood-analysis/hoodscanR-plot-mets-k-1.png,exists
OSTA,img-neighborhood-analysis,,https://bioconductor.org/books/release/OSTA/pages/img-neighborhood-analysis_files/figure-html/scider-cell-type-annotation-1.png,materials/raw/bioconductor_books/assets/OSTA/img-neighborhood-analysis/scider-cell-type-annotation-1.png,exists
OSTA,img-neighborhood-analysis,,https://bioconductor.org/books/release/OSTA/pages/img-neighborhood-analysis_files/figure-html/scider-plot-coi-density-1.png,materials/raw/bioconductor_books/assets/OSTA/img-neighborhood-analysis/scider-plot-coi-density-1.png,exists
OSTA,img-neighborhood-analysis,,https://bioconductor.org/books/release/OSTA/pages/img-neighborhood-analysis_files/figure-html/scider-roi-detection-1.png,materials/raw/bioconductor_books/assets/OSTA/img-neighborhood-analysis/scider-roi-detection-1.png,exists
OSTA,img-neighborhood-analysis,,https://bioconductor.org/books/release/OSTA/pages/img-neighborhood-analysis_files/figure-html/scider-cell-type-colocalization-1.png,materials/raw/bioconductor_books/assets/OSTA/img-neighborhood-analysis/scider-cell-type-colocalization-1.png,exists
OSTA,img-neighborhood-analysis,,https://bioconductor.org/books/release/OSTA/pages/img-neighborhood-analysis_files/figure-html/scider-cal-and-plot-contours-1.png,materials/raw/bioconductor_books/assets/OSTA/img-neighborhood-analysis/scider-cal-and-plot-contours-1.png,exists
OSTA,img-neighborhood-analysis,,https://bioconductor.org/books/release/OSTA/pages/img-neighborhood-analysis_files/figure-html/scider-cell-type-composition-all-rois-1.png,materials/raw/bioconductor_books/assets/OSTA/img-neighborhood-analysis/scider-cell-type-composition-all-rois-1.png,exists
OSTA,img-neighborhood-analysis,,https://bioconductor.org/books/release/OSTA/pages/img-neighborhood-analysis_files/figure-html/scider-cell-type-composition-each-roi-1.png,materials/raw/bioconductor_books/assets/OSTA/img-neighborhood-analysis/scider-cell-type-composition-each-roi-1.png,exists
OSTA,seq-workflow-visium-crc,,https://bioconductor.org/books/release/OSTA/pages/seq-workflow-visium-crc_files/figure-html/plt-hne-1.png,materials/raw/bioconductor_books/assets/OSTA/seq-workflow-visium-crc/plt-hne-1.png,exists
OSTA,seq-workflow-visium-crc,,https://bioconductor.org/books/release/OSTA/pages/seq-workflow-visium-crc_files/figure-html/plt-xy-qc-1.png,materials/raw/bioconductor_books/assets/OSTA/seq-workflow-visium-crc/plt-xy-qc-1.png,exists
OSTA,seq-workflow-visium-crc,,https://bioconductor.org/books/release/OSTA/pages/seq-workflow-visium-crc_files/figure-html/plt-ol-xy-1.png,materials/raw/bioconductor_books/assets/OSTA/seq-workflow-visium-crc/plt-ol-xy-1.png,exists
OSTA,seq-workflow-visium-crc,,https://bioconductor.org/books/release/OSTA/pages/seq-workflow-visium-crc_files/figure-html/plt-dec-xy-1.png,materials/raw/bioconductor_books/assets/OSTA/seq-workflow-visium-crc/plt-dec-xy-1.png,exists
OSTA,seq-workflow-visium-crc,,https://bioconductor.org/books/release/OSTA/pages/seq-workflow-visium-crc_files/figure-html/plt-clu-xy-1.png,materials/raw/bioconductor_books/assets/OSTA/seq-workflow-visium-crc/plt-clu-xy-1.png,exists
OSTA,seq-workflow-visium-crc,,https://bioconductor.org/books/release/OSTA/pages/seq-workflow-visium-crc_files/figure-html/plt-clu-fq-1.png,materials/raw/bioconductor_books/assets/OSTA/seq-workflow-visium-crc/plt-clu-fq-1.png,exists
OSTA,seq-workflow-visium-crc,,https://bioconductor.org/books/release/OSTA/pages/seq-workflow-visium-crc_files/figure-html/plt-pcs-xy-1.png,materials/raw/bioconductor_books/assets/OSTA/seq-workflow-visium-crc/plt-pcs-xy-1.png,exists
OSTA,seq-workflow-visium-crc,,https://bioconductor.org/books/release/OSTA/pages/seq-workflow-visium-crc_files/figure-html/plt-clu-qc-1.png,materials/raw/bioconductor_books/assets/OSTA/seq-workflow-visium-crc/plt-clu-qc-1.png,exists
OSTA,seq-workflow-visium-crc,,https://bioconductor.org/books/release/OSTA/pages/seq-workflow-visium-crc_files/figure-html/plt-auc-xy-1.png,materials/raw/bioconductor_books/assets/OSTA/seq-workflow-visium-crc/plt-auc-xy-1.png,exists
OSTA,seq-workflow-visium-crc,,https://bioconductor.org/books/release/OSTA/pages/seq-workflow-visium-crc_files/figure-html/plt-auc-hm-1.png,materials/raw/bioconductor_books/assets/OSTA/seq-workflow-visium-crc/plt-auc-hm-1.png,exists
OSTA,seq-workflow-visium-crc,,https://bioconductor.org/books/release/OSTA/pages/seq-workflow-visium-crc_files/figure-html/plt-auc-hm-2.png,materials/raw/bioconductor_books/assets/OSTA/seq-workflow-visium-crc/plt-auc-hm-2.png,exists
OSTA,seq-workflow-visium-crc,,https://bioconductor.org/books/release/OSTA/pages/seq-workflow-visium-crc_files/figure-html/plt-cor-1.png,materials/raw/bioconductor_books/assets/OSTA/seq-workflow-visium-crc/plt-cor-1.png,exists
OSTA,ind-normalization,,https://bioconductor.org/books/release/OSTA/pages/ind-normalization_files/figure-html/plot-size-factors-boxplot-1.png,materials/raw/bioconductor_books/assets/OSTA/ind-normalization/plot-size-factors-boxplot-1.png,exists
OSTA,ind-normalization,,https://bioconductor.org/books/release/OSTA/pages/ind-normalization_files/figure-html/plot-size-factors-scatter-1.png,materials/raw/bioconductor_books/assets/OSTA/ind-normalization/plot-size-factors-scatter-1.png,exists
OSTA,ind-normalization,,https://bioconductor.org/books/release/OSTA/pages/ind-normalization_files/figure-html/plot-genes-1.png,materials/raw/bioconductor_books/assets/OSTA/ind-normalization/plot-genes-1.png,exists
OSTA,ind-normalization,,https://bioconductor.org/books/release/OSTA/pages/ind-normalization_files/figure-html/plot-genes-box-1.png,materials/raw/bioconductor_books/assets/OSTA/ind-normalization/plot-genes-box-1.png,exists
OSTA,ind-image-analysis,,https://bioconductor.org/books/release/OSTA/images/pyramidal_structure.png,materials/raw/bioconductor_books/assets/OSTA/ind-image-analysis/pyramidal_structure.png,exists
OSTA,ind-image-analysis,,https://bioconductor.org/books/release/OSTA/images/imageTCGA_shiny.png,materials/raw/bioconductor_books/assets/OSTA/ind-image-analysis/imageTCGA_shiny.png,exists
OSTA,ind-image-analysis,,https://bioconductor.org/books/release/OSTA/images/imageTCGA_shiny_OV.png,materials/raw/bioconductor_books/assets/OSTA/ind-image-analysis/imageTCGA_shiny_OV.png,exists
OSTA,ind-image-analysis,,https://bioconductor.org/books/release/OSTA/images/imageTCGA_shiny_OV_Rcode.png,materials/raw/bioconductor_books/assets/OSTA/ind-image-analysis/imageTCGA_shiny_OV_Rcode.png,exists
OSTA,ind-image-analysis,,https://bioconductor.org/books/release/OSTA/images/imageTCGA_shiny_worldmap_GBM.png,materials/raw/bioconductor_books/assets/OSTA/ind-image-analysis/imageTCGA_shiny_worldmap_GBM.png,exists
OSTA,seq-intermediate-processing,,https://bioconductor.org/books/release/OSTA/pages/seq-intermediate-processing_files/figure-html/logcounts-1.png,materials/raw/bioconductor_books/assets/OSTA/seq-intermediate-processing/logcounts-1.png,exists
OSTA,seq-intermediate-processing,,https://bioconductor.org/books/release/OSTA/pages/seq-intermediate-processing_files/figure-html/hvgs-1.png,materials/raw/bioconductor_books/assets/OSTA/seq-intermediate-processing/hvgs-1.png,exists
OSTA,seq-intermediate-processing,,https://bioconductor.org/books/release/OSTA/pages/seq-intermediate-processing_files/figure-html/plt-xy-clu-1.png,materials/raw/bioconductor_books/assets/OSTA/seq-intermediate-processing/plt-xy-clu-1.png,exists
OSTA,seq-intermediate-processing,,https://bioconductor.org/books/release/OSTA/pages/seq-intermediate-processing_files/figure-html/plot-xy-pcs-1.png,materials/raw/bioconductor_books/assets/OSTA/seq-intermediate-processing/plot-xy-pcs-1.png,exists
OSTA,seq-intermediate-processing,,https://bioconductor.org/books/release/OSTA/pages/seq-intermediate-processing_files/figure-html/plt-mgs-hm-1.png,materials/raw/bioconductor_books/assets/OSTA/seq-intermediate-processing/plt-mgs-hm-1.png,exists
OSTA,seq-intermediate-processing,,https://bioconductor.org/books/release/OSTA/pages/seq-intermediate-processing_files/figure-html/plt-mgs-xy-1.png,materials/raw/bioconductor_books/assets/OSTA/seq-intermediate-processing/plt-mgs-xy-1.png,exists
OSTA,bkg-ecosystem,,https://bioconductor.org/books/release/OSTA/pages/bkg-ecosystem_files/figure-html/unnamed-chunk-6-1.png,materials/raw/bioconductor_books/assets/OSTA/bkg-ecosystem/unnamed-chunk-6-1.png,exists
OSTA,bkg-ecosystem,,https://bioconductor.org/books/release/OSTA/pages/bkg-ecosystem_files/figure-html/unnamed-chunk-8-1.png,materials/raw/bioconductor_books/assets/OSTA/bkg-ecosystem/unnamed-chunk-8-1.png,exists
OSTA,bkg-ecosystem,,https://bioconductor.org/books/release/OSTA/pages/bkg-ecosystem_files/figure-html/unnamed-chunk-9-1.png,materials/raw/bioconductor_books/assets/OSTA/bkg-ecosystem/unnamed-chunk-9-1.png,exists
OSTA,bkg-ecosystem,,https://bioconductor.org/books/release/OSTA/pages/bkg-ecosystem_files/figure-html/unnamed-chunk-10-1.png,materials/raw/bioconductor_books/assets/OSTA/bkg-ecosystem/unnamed-chunk-10-1.png,exists
OSTA,seq-workflow-visium-hd-seg,,https://bioconductor.org/books/release/OSTA/images/VisiumHD_nuclei_segmentation_binning_10x.png,materials/raw/bioconductor_books/assets/OSTA/seq-workflow-visium-hd-seg/VisiumHD_nuclei_segmentation_binning_10x.png,exists
OSTA,seq-workflow-visium-hd-seg,,https://bioconductor.org/books/release/OSTA/pages/seq-workflow-visium-hd-seg_files/figure-html/plt-spe-vs-sub-xy-1.png,materials/raw/bioconductor_books/assets/OSTA/seq-workflow-visium-hd-seg/plt-spe-vs-sub-xy-1.png,exists
OSTA,seq-workflow-visium-hd-seg,,https://bioconductor.org/books/release/OSTA/pages/seq-workflow-visium-hd-seg_files/figure-html/unnamed-chunk-5-1.png,materials/raw/bioconductor_books/assets/OSTA/seq-workflow-visium-hd-seg/unnamed-chunk-5-1.png,exists
OSTA,seq-workflow-visium-hd-seg,,https://bioconductor.org/books/release/OSTA/pages/seq-workflow-visium-hd-seg_files/figure-html/plt-seg-1.png,materials/raw/bioconductor_books/assets/OSTA/seq-workflow-visium-hd-seg/plt-seg-1.png,exists
OSTA,seq-workflow-visium-hd-seg,,https://bioconductor.org/books/release/OSTA/pages/seq-workflow-visium-hd-seg_files/figure-html/unnamed-chunk-7-1.png,materials/raw/bioconductor_books/assets/OSTA/seq-workflow-visium-hd-seg/unnamed-chunk-7-1.png,exists
OSTA,seq-workflow-visium-hd-seg,,https://bioconductor.org/books/release/OSTA/pages/seq-workflow-visium-hd-seg_files/figure-html/plt-ex-1.png,materials/raw/bioconductor_books/assets/OSTA/seq-workflow-visium-hd-seg/plt-ex-1.png,exists
OSTA,seq-workflow-visium-hd-seg,,https://bioconductor.org/books/release/OSTA/pages/seq-workflow-visium-hd-seg_files/figure-html/plt-lab-roi-1.png,materials/raw/bioconductor_books/assets/OSTA/seq-workflow-visium-hd-seg/plt-lab-roi-1.png,exists
OSTA,seq-workflow-visium-hd-seg,,https://bioconductor.org/books/release/OSTA/pages/seq-workflow-visium-hd-seg_files/figure-html/plt-lab-all-1.png,materials/raw/bioconductor_books/assets/OSTA/seq-workflow-visium-hd-seg/plt-lab-all-1.png,exists
OSTA,seq-workflow-visium-hd-seg,,https://bioconductor.org/books/release/OSTA/pages/seq-workflow-visium-hd-seg_files/figure-html/unnamed-chunk-8-1.png,materials/raw/bioconductor_books/assets/OSTA/seq-workflow-visium-hd-seg/unnamed-chunk-8-1.png,exists
OSTA,img-quality-control,,https://bioconductor.org/books/release/OSTA/pages/img-quality-control_files/figure-html/plot-xy-1.png,materials/raw/bioconductor_books/assets/OSTA/img-quality-control/plot-xy-1.png,exists
OSTA,img-quality-control,,https://bioconductor.org/books/release/OSTA/pages/img-quality-control_files/figure-html/plot-cos-xy-dapi-1.png,materials/raw/bioconductor_books/assets/OSTA/img-quality-control/plot-cos-xy-dapi-1.png,exists
OSTA,img-quality-control,,https://bioconductor.org/books/release/OSTA/pages/img-quality-control_files/figure-html/plot-qc-1d-1.png,materials/raw/bioconductor_books/assets/OSTA/img-quality-control/plot-qc-1d-1.png,exists
OSTA,img-quality-control,,https://bioconductor.org/books/release/OSTA/pages/img-quality-control_files/figure-html/plot-qc-xy-1.png,materials/raw/bioconductor_books/assets/OSTA/img-quality-control/plot-qc-xy-1.png,exists
OSTA,img-quality-control,,https://bioconductor.org/books/release/OSTA/pages/img-quality-control_files/figure-html/plot-qc-2d-one-1.png,materials/raw/bioconductor_books/assets/OSTA/img-quality-control/plot-qc-2d-one-1.png,exists
OSTA,img-quality-control,,https://bioconductor.org/books/release/OSTA/pages/img-quality-control_files/figure-html/plot-cos-fov-1.png,materials/raw/bioconductor_books/assets/OSTA/img-quality-control/plot-cos-fov-1.png,exists
OSTA,img-quality-control,,https://bioconductor.org/books/release/OSTA/pages/img-quality-control_files/figure-html/cos-plot-ns-1.png,materials/raw/bioconductor_books/assets/OSTA/img-quality-control/cos-plot-ns-1.png,exists
OSTA,img-quality-control,,https://bioconductor.org/books/release/OSTA/pages/img-quality-control_files/figure-html/cos-plot-qc-1.png,materials/raw/bioconductor_books/assets/OSTA/img-quality-control/cos-plot-qc-1.png,exists
OSTA,img-quality-control,,https://bioconductor.org/books/release/OSTA/pages/img-quality-control_files/figure-html/cos-plot-ds-1.png,materials/raw/bioconductor_books/assets/OSTA/img-quality-control/cos-plot-ds-1.png,exists
OSTA,img-quality-control,,https://bioconductor.org/books/release/OSTA/pages/img-quality-control_files/figure-html/cos-plot-ex-1.png,materials/raw/bioconductor_books/assets/OSTA/img-quality-control/cos-plot-ex-1.png,exists
OSTA,img-quality-control,,https://bioconductor.org/books/release/OSTA/pages/img-quality-control_files/figure-html/cos-plot-ex-2.png,materials/raw/bioconductor_books/assets/OSTA/img-quality-control/cos-plot-ex-2.png,exists
OSTA,img-quality-control,,https://bioconductor.org/books/release/OSTA/pages/img-quality-control_files/figure-html/SpaceTrooper-ol-cos-1.png,materials/raw/bioconductor_books/assets/OSTA/img-quality-control/SpaceTrooper-ol-cos-1.png,exists
OSTA,img-quality-control,,https://bioconductor.org/books/release/OSTA/pages/img-quality-control_files/figure-html/SpaceTrooper-plot-score-1.png,materials/raw/bioconductor_books/assets/OSTA/img-quality-control/SpaceTrooper-plot-score-1.png,exists
OSTA,img-quality-control,,https://bioconductor.org/books/release/OSTA/pages/img-quality-control_files/figure-html/xen-plot-ol-1.png,materials/raw/bioconductor_books/assets/OSTA/img-quality-control/xen-plot-ol-1.png,exists
OSTA,img-quality-control,,https://bioconductor.org/books/release/OSTA/pages/img-quality-control_files/figure-html/plot-ex-1.png,materials/raw/bioconductor_books/assets/OSTA/img-quality-control/plot-ex-1.png,exists
OSTA,img-intermediate-processing,,https://bioconductor.org/books/release/OSTA/pages/img-intermediate-processing_files/figure-html/plt-clu-xy-1.png,materials/raw/bioconductor_books/assets/OSTA/img-intermediate-processing/plt-clu-xy-1.png,exists
OSTA,seq-workflow-dlpfc,,https://bioconductor.org/books/release/OSTA/pages/seq-workflow-dlpfc_files/figure-html/plt-xy-1.png,materials/raw/bioconductor_books/assets/OSTA/seq-workflow-dlpfc/plt-xy-1.png,exists
OSTA,seq-workflow-dlpfc,,https://bioconductor.org/books/release/OSTA/pages/seq-workflow-dlpfc_files/figure-html/plt-qc-1.png,materials/raw/bioconductor_books/assets/OSTA/seq-workflow-dlpfc/plt-qc-1.png,exists
OSTA,seq-workflow-dlpfc,,https://bioconductor.org/books/release/OSTA/pages/seq-workflow-dlpfc_files/figure-html/plt-ex-1.png,materials/raw/bioconductor_books/assets/OSTA/seq-workflow-dlpfc/plt-ex-1.png,exists
OSTA,seq-workflow-dlpfc,,https://bioconductor.org/books/release/OSTA/pages/seq-workflow-dlpfc_files/figure-html/unnamed-chunk-4-1.png,materials/raw/bioconductor_books/assets/OSTA/seq-workflow-dlpfc/unnamed-chunk-4-1.png,exists
OSTA,seq-workflow-dlpfc,,https://bioconductor.org/books/release/OSTA/pages/seq-workflow-dlpfc_files/figure-html/unnamed-chunk-6-1.png,materials/raw/bioconductor_books/assets/OSTA/seq-workflow-dlpfc/unnamed-chunk-6-1.png,exists
OSTA,seq-workflow-dlpfc,,https://bioconductor.org/books/release/OSTA/pages/seq-workflow-dlpfc_files/figure-html/unnamed-chunk-10-1.png,materials/raw/bioconductor_books/assets/OSTA/seq-workflow-dlpfc/unnamed-chunk-10-1.png,exists
OSTA,seq-workflow-dlpfc,,https://bioconductor.org/books/release/OSTA/pages/seq-workflow-dlpfc_files/figure-html/unnamed-chunk-11-1.png,materials/raw/bioconductor_books/assets/OSTA/seq-workflow-dlpfc/unnamed-chunk-11-1.png,exists
OSTA,seq-workflow-dlpfc,,https://bioconductor.org/books/release/OSTA/pages/seq-workflow-dlpfc_files/figure-html/unnamed-chunk-13-1.png,materials/raw/bioconductor_books/assets/OSTA/seq-workflow-dlpfc/unnamed-chunk-13-1.png,exists
OSTA,seq-workflow-dlpfc,,https://raw.githubusercontent.com/lmweber/OSTA-resources/main/images/spatialLIBD_interactive_cluster.png,materials/raw/bioconductor_books/assets/OSTA/seq-workflow-dlpfc/spatialLIBD_interactive_cluster.png,exists
OSTA,seq-workflow-dlpfc,,https://raw.githubusercontent.com/lmweber/OSTA-resources/main/images/spatialLIBD_gene_grid.png,materials/raw/bioconductor_books/assets/OSTA/seq-workflow-dlpfc/spatialLIBD_gene_grid.png,exists
OSTA,seq-workflow-dlpfc,,https://bioconductor.org/books/release/OSTA/pages/seq-workflow-dlpfc_files/figure-html/spatialLIBD_vis_gene-1.png,materials/raw/bioconductor_books/assets/OSTA/seq-workflow-dlpfc/spatialLIBD_vis_gene-1.png,exists
OSTA,seq-workflow-dlpfc,,https://bioconductor.org/books/release/OSTA/pages/seq-workflow-dlpfc_files/figure-html/spatialLIBD_vis_gene-2.png,materials/raw/bioconductor_books/assets/OSTA/seq-workflow-dlpfc/spatialLIBD_vis_gene-2.png,exists
OSTA,seq-workflow-dlpfc,,https://raw.githubusercontent.com/lmweber/OSTA-resources/main/images/spatialLIBD_demo_result.png,materials/raw/bioconductor_books/assets/OSTA/seq-workflow-dlpfc/spatialLIBD_demo_result.png,exists
OSTA,seq-workflow-dlpfc,,https://raw.githubusercontent.com/lmweber/OSTA-resources/main/images/spatialLIBD_publish.png,materials/raw/bioconductor_books/assets/OSTA/seq-workflow-dlpfc/spatialLIBD_publish.png,exists
OSTA,seq-reads-to-counts,,https://bioconductor.org/books/release/OSTA/images/seq-reads-to-counts_Stereo-seq_read_structure.jpg,materials/raw/bioconductor_books/assets/OSTA/seq-reads-to-counts/seq-reads-to-counts_Stereo-seq_read_structure.jpg,exists
OSTA,seq-reads-to-counts,,https://bioconductor.org/books/release/OSTA/images/seq-reads-to-counts_VisiumCytAssist_read_structure.jpg,materials/raw/bioconductor_books/assets/OSTA/seq-reads-to-counts/seq-reads-to-counts_VisiumCytAssist_read_structure.jpg,exists
OSTA,seq-reads-to-counts,,https://bioconductor.org/books/release/OSTA/images/seq-reads-to-counts_Stereo-seq_manual_FASTQ_format.png,materials/raw/bioconductor_books/assets/OSTA/seq-reads-to-counts/seq-reads-to-counts_Stereo-seq_manual_FASTQ_format.png,exists
OSTA,seq-reads-to-counts,,https://bioconductor.org/books/release/OSTA/images/seq-reads-to-counts_stPipe_read_mapping_plot.png,materials/raw/bioconductor_books/assets/OSTA/seq-reads-to-counts/seq-reads-to-counts_stPipe_read_mapping_plot.png,exists
OSTA,seq-reads-to-counts,,https://bioconductor.org/books/release/OSTA/images/seq-reads-to-counts_stPipe_umi_duplication_plot.png,materials/raw/bioconductor_books/assets/OSTA/seq-reads-to-counts/seq-reads-to-counts_stPipe_umi_duplication_plot.png,exists
OSTA,seq-reads-to-counts,,https://bioconductor.org/books/release/OSTA/images/seq-reads-to-counts_stPipe_workflow_preprint.jpg,materials/raw/bioconductor_books/assets/OSTA/seq-reads-to-counts/seq-reads-to-counts_stPipe_workflow_preprint.jpg,exists
OSTA,ind-dimensionality-reduction,,https://bioconductor.org/books/release/OSTA/pages/ind-dimensionality-reduction_files/figure-html/plot-xy-pcs-1.png,materials/raw/bioconductor_books/assets/OSTA/ind-dimensionality-reduction/plot-xy-pcs-1.png,exists
OSTA,ind-dimensionality-reduction,,https://bioconductor.org/books/release/OSTA/pages/ind-dimensionality-reduction_files/figure-html/plot-xy-rgb-1.png,materials/raw/bioconductor_books/assets/OSTA/ind-dimensionality-reduction/plot-xy-rgb-1.png,exists
OSTA,ind-dimensionality-reduction,,https://bioconductor.org/books/release/OSTA/pages/ind-dimensionality-reduction_files/figure-html/plt-umap-1.png,materials/raw/bioconductor_books/assets/OSTA/ind-dimensionality-reduction/plt-umap-1.png,exists
OSTA,ind-clustering,,https://bioconductor.org/books/release/OSTA/pages/ind-clustering_files/figure-html/plot-xy-k-joint-1.png,materials/raw/bioconductor_books/assets/OSTA/ind-clustering/plot-xy-k-joint-1.png,exists
OSTA,ind-clustering,,https://bioconductor.org/books/release/OSTA/pages/ind-clustering_files/figure-html/plot-xy-k-split-1.png,materials/raw/bioconductor_books/assets/OSTA/ind-clustering/plot-xy-k-split-1.png,exists
OSTA,ind-clustering,,https://bioconductor.org/books/release/OSTA/pages/ind-clustering_files/figure-html/plt-pcr-1.png,materials/raw/bioconductor_books/assets/OSTA/ind-clustering/plt-pcr-1.png,exists
OSTA,ind-clustering,,https://bioconductor.org/books/release/OSTA/pages/ind-clustering_files/figure-html/plt-mgs-hm-1.png,materials/raw/bioconductor_books/assets/OSTA/ind-clustering/plt-mgs-hm-1.png,exists
OSTA,seq-introduction,,https://bioconductor.org/books/release/OSTA/images/Visium.png,materials/raw/bioconductor_books/assets/OSTA/seq-introduction/Visium.png,exists
OSTA,crs-spatial-registration,,https://bioconductor.org/books/release/OSTA/pages/crs-spatial-registration_files/figure-html/plt-dapi-1.png,materials/raw/bioconductor_books/assets/OSTA/crs-spatial-registration/plt-dapi-1.png,exists
OSTA,crs-spatial-registration,,https://bioconductor.org/books/release/OSTA/pages/crs-spatial-registration_files/figure-html/plt-hne-1.png,materials/raw/bioconductor_books/assets/OSTA/crs-spatial-registration/plt-hne-1.png,exists
OSTA,crs-spatial-registration,The Shiny application interface for alignment Spatial datasets stored in VoltRon objects,https://bioconductor.org/books/release/OSTA/images/crs-registration-alignment.png,materials/raw/bioconductor_books/assets/OSTA/crs-spatial-registration/crs-registration-alignment.png,exists
OSTA,crs-spatial-registration,,https://bioconductor.org/books/release/OSTA/images/xenvis-RNiftyReg1.png,materials/raw/bioconductor_books/assets/OSTA/crs-spatial-registration/xenvis-RNiftyReg1.png,exists
OSTA,crs-spatial-registration,,https://bioconductor.org/books/release/OSTA/images/xenvis-RNiftyReg2.png,materials/raw/bioconductor_books/assets/OSTA/crs-spatial-registration/xenvis-RNiftyReg2.png,exists
OSTA,crs-spatial-registration,,https://bioconductor.org/books/release/OSTA/images/xenvis-napari.png,materials/raw/bioconductor_books/assets/OSTA/crs-spatial-registration/xenvis-napari.png,exists
OSTA,crs-spatial-registration,The Shiny application interface for alignmening spatial datasets stored in `VoltRon` objects.,https://bioconductor.org/books/release/OSTA/images/crs-registration-PASTE.png,materials/raw/bioconductor_books/assets/OSTA/crs-spatial-registration/crs-registration-PASTE.png,exists
OSTA,seq-quality-control,,https://bioconductor.org/books/release/OSTA/pages/seq-quality-control_files/figure-html/unnamed-chunk-5-1.png,materials/raw/bioconductor_books/assets/OSTA/seq-quality-control/unnamed-chunk-5-1.png,exists
OSTA,seq-quality-control,,https://bioconductor.org/books/release/OSTA/pages/seq-quality-control_files/figure-html/unnamed-chunk-6-1.png,materials/raw/bioconductor_books/assets/OSTA/seq-quality-control/unnamed-chunk-6-1.png,exists
OSTA,seq-quality-control,,https://bioconductor.org/books/release/OSTA/pages/seq-quality-control_files/figure-html/unnamed-chunk-8-1.png,materials/raw/bioconductor_books/assets/OSTA/seq-quality-control/unnamed-chunk-8-1.png,exists
OSTA,seq-quality-control,,https://bioconductor.org/books/release/OSTA/pages/seq-quality-control_files/figure-html/unnamed-chunk-9-1.png,materials/raw/bioconductor_books/assets/OSTA/seq-quality-control/unnamed-chunk-9-1.png,exists
OSTA,seq-quality-control,,https://bioconductor.org/books/release/OSTA/pages/seq-quality-control_files/figure-html/unnamed-chunk-10-1.png,materials/raw/bioconductor_books/assets/OSTA/seq-quality-control/unnamed-chunk-10-1.png,exists
OSTA,seq-quality-control,,https://bioconductor.org/books/release/OSTA/pages/seq-quality-control_files/figure-html/unnamed-chunk-12-1.png,materials/raw/bioconductor_books/assets/OSTA/seq-quality-control/unnamed-chunk-12-1.png,exists
OSTA,seq-quality-control,,https://bioconductor.org/books/release/OSTA/pages/seq-quality-control_files/figure-html/unnamed-chunk-13-1.png,materials/raw/bioconductor_books/assets/OSTA/seq-quality-control/unnamed-chunk-13-1.png,exists
OSTA,seq-quality-control,,https://bioconductor.org/books/release/OSTA/pages/seq-quality-control_files/figure-html/unnamed-chunk-16-1.png,materials/raw/bioconductor_books/assets/OSTA/seq-quality-control/unnamed-chunk-16-1.png,exists
OSTA,seq-quality-control,,https://bioconductor.org/books/release/OSTA/pages/seq-quality-control_files/figure-html/unnamed-chunk-19-1.png,materials/raw/bioconductor_books/assets/OSTA/seq-quality-control/unnamed-chunk-19-1.png,exists
OSTA,seq-quality-control,,https://bioconductor.org/books/release/OSTA/pages/seq-quality-control_files/figure-html/unnamed-chunk-20-1.png,materials/raw/bioconductor_books/assets/OSTA/seq-quality-control/unnamed-chunk-20-1.png,exists
OSTA,seq-quality-control,,https://bioconductor.org/books/release/OSTA/pages/seq-quality-control_files/figure-html/unnamed-chunk-21-1.png,materials/raw/bioconductor_books/assets/OSTA/seq-quality-control/unnamed-chunk-21-1.png,exists
OSTA,seq-quality-control,,https://bioconductor.org/books/release/OSTA/pages/seq-quality-control_files/figure-html/unnamed-chunk-22-1.png,materials/raw/bioconductor_books/assets/OSTA/seq-quality-control/unnamed-chunk-22-1.png,exists
OSTA,seq-quality-control,,https://bioconductor.org/books/release/OSTA/pages/seq-quality-control_files/figure-html/unnamed-chunk-23-1.png,materials/raw/bioconductor_books/assets/OSTA/seq-quality-control/unnamed-chunk-23-1.png,exists
OSTA,seq-quality-control,,https://bioconductor.org/books/release/OSTA/pages/seq-quality-control_files/figure-html/unnamed-chunk-24-1.png,materials/raw/bioconductor_books/assets/OSTA/seq-quality-control/unnamed-chunk-24-1.png,exists
OSTA,seq-quality-control,,https://bioconductor.org/books/release/OSTA/pages/seq-quality-control_files/figure-html/unnamed-chunk-25-1.png,materials/raw/bioconductor_books/assets/OSTA/seq-quality-control/unnamed-chunk-25-1.png,exists
OSTA,mult-diff-colocalization,,https://bioconductor.org/books/release/OSTA/pages/mult-diff-colocalization_files/figure-html/spicyR-heatmap-1.png,materials/raw/bioconductor_books/assets/OSTA/mult-diff-colocalization/spicyR-heatmap-1.png,exists
OSTA,mult-diff-colocalization,,https://bioconductor.org/books/release/OSTA/pages/mult-diff-colocalization_files/figure-html/spicyR-boxplot-1.png,materials/raw/bioconductor_books/assets/OSTA/mult-diff-colocalization/spicyR-boxplot-1.png,exists
OSTA,mult-diff-colocalization,,https://bioconductor.org/books/release/OSTA/pages/mult-diff-colocalization_files/figure-html/spicyR-plotImage-1.png,materials/raw/bioconductor_books/assets/OSTA/mult-diff-colocalization/spicyR-plotImage-1.png,exists
OSTA,mult-diff-colocalization,,https://bioconductor.org/books/release/OSTA/pages/mult-diff-colocalization_files/figure-html/rMaxHeuristic-1.png,materials/raw/bioconductor_books/assets/OSTA/mult-diff-colocalization/rMaxHeuristic-1.png,exists
OSTA,mult-diff-colocalization,,https://bioconductor.org/books/release/OSTA/pages/mult-diff-colocalization_files/figure-html/spatialFDA-bubbleplot-1.png,materials/raw/bioconductor_books/assets/OSTA/mult-diff-colocalization/spatialFDA-bubbleplot-1.png,exists
OSTA,mult-diff-colocalization,,https://bioconductor.org/books/release/OSTA/pages/mult-diff-colocalization_files/figure-html/spatialFDA-plot-1.png,materials/raw/bioconductor_books/assets/OSTA/mult-diff-colocalization/spatialFDA-plot-1.png,exists
OSTA,mult-diff-colocalization,,https://bioconductor.org/books/release/OSTA/pages/mult-diff-colocalization_files/figure-html/spatialFDA-plot-2.png,materials/raw/bioconductor_books/assets/OSTA/mult-diff-colocalization/spatialFDA-plot-2.png,exists
OSTA,mult-diff-colocalization,,https://bioconductor.org/books/release/OSTA/pages/mult-diff-colocalization_files/figure-html/spatialFDA-plot-3.png,materials/raw/bioconductor_books/assets/OSTA/mult-diff-colocalization/spatialFDA-plot-3.png,exists
OSTA,mult-diff-colocalization,,https://bioconductor.org/books/release/OSTA/pages/mult-diff-colocalization_files/figure-html/spatialFDA-fPCA-1.png,materials/raw/bioconductor_books/assets/OSTA/mult-diff-colocalization/spatialFDA-fPCA-1.png,exists
OSTA,mult-diff-colocalization,,https://bioconductor.org/books/release/OSTA/pages/mult-diff-colocalization_files/figure-html/spatialFDA-fGAM-1.png,materials/raw/bioconductor_books/assets/OSTA/mult-diff-colocalization/spatialFDA-fGAM-1.png,exists
OSTA,mult-diff-colocalization,,https://bioconductor.org/books/release/OSTA/pages/mult-diff-colocalization_files/figure-html/spatialFDA-qq-1.png,materials/raw/bioconductor_books/assets/OSTA/mult-diff-colocalization/spatialFDA-qq-1.png,exists
OSTA,ind-feature-set-signatures,,https://bioconductor.org/books/release/OSTA/pages/ind-feature-set-signatures_files/figure-html/plt-cm-1.png,materials/raw/bioconductor_books/assets/OSTA/ind-feature-set-signatures/plt-cm-1.png,exists
OSTA,ind-feature-set-signatures,,https://bioconductor.org/books/release/OSTA/pages/ind-feature-set-signatures_files/figure-html/plt-xy-1.png,materials/raw/bioconductor_books/assets/OSTA/ind-feature-set-signatures/plt-xy-1.png,exists
OSTA,ind-feature-set-signatures,,https://bioconductor.org/books/release/OSTA/pages/ind-feature-set-signatures_files/figure-html/plt-hm-1.png,materials/raw/bioconductor_books/assets/OSTA/ind-feature-set-signatures/plt-hm-1.png,exists
OSTA,img-sub-cellular-analysis,,https://bioconductor.org/books/release/OSTA/images/img-sub-cellular_Bento.png,materials/raw/bioconductor_books/assets/OSTA/img-sub-cellular-analysis/img-sub-cellular_Bento.png,exists
OSTA,img-sub-cellular-analysis,,https://bioconductor.org/books/release/OSTA/images/img-sub-cellular_SpatialFeatures.png,materials/raw/bioconductor_books/assets/OSTA/img-sub-cellular-analysis/img-sub-cellular_SpatialFeatures.png,exists
OSTA,img-sub-cellular-analysis,,https://bioconductor.org/books/release/OSTA/images/img-sub-cellular_FISHFactor.png,materials/raw/bioconductor_books/assets/OSTA/img-sub-cellular-analysis/img-sub-cellular_FISHFactor.png,exists
OSTA,img-sub-cellular-analysis,,https://bioconductor.org/books/release/OSTA/images/img-sub-cellular_ClusterMap.png,materials/raw/bioconductor_books/assets/OSTA/img-sub-cellular-analysis/img-sub-cellular_ClusterMap.png,exists
OSTA,img-sub-cellular-analysis,,https://bioconductor.org/books/release/OSTA/images/img-sub-cellular_CellSP.png,materials/raw/bioconductor_books/assets/OSTA/img-sub-cellular-analysis/img-sub-cellular_CellSP.png,exists
OSTA,img-segmentation,,https://bioconductor.org/books/release/OSTA/images/img-seg_Xenium.jpeg,materials/raw/bioconductor_books/assets/OSTA/img-segmentation/img-seg_Xenium.jpeg,exists
OSTA,img-segmentation,,https://bioconductor.org/books/release/OSTA/images/img-seg_SSAM.jpeg,materials/raw/bioconductor_books/assets/OSTA/img-segmentation/img-seg_SSAM.jpeg,exists
OSTA,seq-workflow-visium-hd-bin,,https://bioconductor.org/books/release/OSTA/pages/seq-workflow-visium-hd-bin_files/figure-html/plt-lab-xy-1.png,materials/raw/bioconductor_books/assets/OSTA/seq-workflow-visium-hd-bin/plt-lab-xy-1.png,exists
OSTA,seq-workflow-visium-hd-bin,,https://bioconductor.org/books/release/OSTA/pages/seq-workflow-visium-hd-bin_files/figure-html/vhd16-empvis-1.png,materials/raw/bioconductor_books/assets/OSTA/seq-workflow-visium-hd-bin/vhd16-empvis-1.png,exists
OSTA,seq-workflow-visium-hd-bin,,https://bioconductor.org/books/release/OSTA/pages/seq-workflow-visium-hd-bin_files/figure-html/clusvis-1.png,materials/raw/bioconductor_books/assets/OSTA/seq-workflow-visium-hd-bin/clusvis-1.png,exists
OSTA,seq-workflow-visium-hd-bin,,https://bioconductor.org/books/release/OSTA/pages/seq-workflow-visium-hd-bin_files/figure-html/plt-xy-box-1.png,materials/raw/bioconductor_books/assets/OSTA/seq-workflow-visium-hd-bin/plt-xy-box-1.png,exists
OSTA,seq-workflow-visium-hd-bin,,https://bioconductor.org/books/release/OSTA/pages/seq-workflow-visium-hd-bin_files/figure-html/plt-xy-qc-1.png,materials/raw/bioconductor_books/assets/OSTA/seq-workflow-visium-hd-bin/plt-xy-qc-1.png,exists
OSTA,seq-workflow-visium-hd-bin,,https://bioconductor.org/books/release/OSTA/pages/seq-workflow-visium-hd-bin_files/figure-html/qc-vis-1.png,materials/raw/bioconductor_books/assets/OSTA/seq-workflow-visium-hd-bin/qc-vis-1.png,exists
OSTA,seq-workflow-visium-hd-bin,,https://bioconductor.org/books/release/OSTA/pages/seq-workflow-visium-hd-bin_files/figure-html/plt-mgs-hm-1.png,materials/raw/bioconductor_books/assets/OSTA/seq-workflow-visium-hd-bin/plt-mgs-hm-1.png,exists
OSTA,seq-workflow-visium-hd-bin,,https://bioconductor.org/books/release/OSTA/pages/seq-workflow-visium-hd-bin_files/figure-html/plt-mgs-xy-1.png,materials/raw/bioconductor_books/assets/OSTA/seq-workflow-visium-hd-bin/plt-mgs-xy-1.png,exists
OSTA,seq-workflow-visium-hd-bin,,https://bioconductor.org/books/release/OSTA/pages/seq-workflow-visium-hd-bin_files/figure-html/sce-heatmap-level12-1.png,materials/raw/bioconductor_books/assets/OSTA/seq-workflow-visium-hd-bin/sce-heatmap-level12-1.png,exists
OSTA,seq-workflow-visium-hd-bin,,https://bioconductor.org/books/release/OSTA/pages/seq-workflow-visium-hd-bin_files/figure-html/plt-dec-est-1.png,materials/raw/bioconductor_books/assets/OSTA/seq-workflow-visium-hd-bin/plt-dec-est-1.png,exists
OSTA,seq-workflow-visium-hd-bin,,https://bioconductor.org/books/release/OSTA/pages/seq-workflow-visium-hd-bin_files/figure-html/dec-816-1.png,materials/raw/bioconductor_books/assets/OSTA/seq-workflow-visium-hd-bin/dec-816-1.png,exists
OSTA,seq-workflow-visium-hd-bin,,https://bioconductor.org/books/release/OSTA/pages/seq-workflow-visium-hd-bin_files/figure-html/plt-dec-lab-1.png,materials/raw/bioconductor_books/assets/OSTA/seq-workflow-visium-hd-bin/plt-dec-lab-1.png,exists
OSTA,seq-workflow-visium-hd-bin,,https://bioconductor.org/books/release/OSTA/pages/seq-workflow-visium-hd-bin_files/figure-html/plt-dec-clu-xy-1.png,materials/raw/bioconductor_books/assets/OSTA/seq-workflow-visium-hd-bin/plt-dec-clu-xy-1.png,exists
OSTA,seq-workflow-visium-hd-bin,,https://bioconductor.org/books/release/OSTA/pages/seq-workflow-visium-hd-bin_files/figure-html/plt-dec-clu-hm-1.png,materials/raw/bioconductor_books/assets/OSTA/seq-workflow-visium-hd-bin/plt-dec-clu-hm-1.png,exists
OSTA,seq-workflow-visium-hd-bin,,https://bioconductor.org/books/release/OSTA/pages/seq-workflow-visium-hd-bin_files/figure-html/Statial-plt-1.png,materials/raw/bioconductor_books/assets/OSTA/seq-workflow-visium-hd-bin/Statial-plt-1.png,exists
OSTA,seq-workflow-visium-hd-bin,,https://bioconductor.org/books/release/OSTA/pages/seq-workflow-visium-hd-bin_files/figure-html/vhd8-ccm-1.png,materials/raw/bioconductor_books/assets/OSTA/seq-workflow-visium-hd-bin/vhd8-ccm-1.png,exists
OSTA,ind-feature-selection-testing,,https://bioconductor.org/books/release/OSTA/pages/ind-feature-selection-testing_files/figure-html/plt-hvgs-1.png,materials/raw/bioconductor_books/assets/OSTA/ind-feature-selection-testing/plt-hvgs-1.png,exists
OSTA,ind-feature-selection-testing,,https://bioconductor.org/books/release/OSTA/pages/ind-feature-selection-testing_files/figure-html/plt-deg-hm-1.png,materials/raw/bioconductor_books/assets/OSTA/ind-feature-selection-testing/plt-deg-hm-1.png,exists
OSTA,ind-feature-selection-testing,,https://bioconductor.org/books/release/OSTA/pages/ind-feature-selection-testing_files/figure-html/plt-deg-xy-1.png,materials/raw/bioconductor_books/assets/OSTA/ind-feature-selection-testing/plt-deg-xy-1.png,exists
OSTA,ind-feature-selection-testing,,https://bioconductor.org/books/release/OSTA/pages/ind-feature-selection-testing_files/figure-html/plt-clu-xy-1.png,materials/raw/bioconductor_books/assets/OSTA/ind-feature-selection-testing/plt-clu-xy-1.png,exists
OSTA,ind-feature-selection-testing,,https://bioconductor.org/books/release/OSTA/pages/ind-feature-selection-testing_files/figure-html/plt-xy-1.png,materials/raw/bioconductor_books/assets/OSTA/ind-feature-selection-testing/plt-xy-1.png,exists
OSTA,ind-feature-selection-testing,,https://bioconductor.org/books/release/OSTA/pages/ind-feature-selection-testing_files/figure-html/plt-scatter-nnsvg-1.png,materials/raw/bioconductor_books/assets/OSTA/ind-feature-selection-testing/plt-scatter-nnsvg-1.png,exists
OSTA,mult-structure-based,,https://bioconductor.org/books/release/OSTA/pages/mult-structure-based_files/figure-html/plot-xy1-1.png,materials/raw/bioconductor_books/assets/OSTA/mult-structure-based/plot-xy1-1.png,exists
OSTA,mult-structure-based,,https://bioconductor.org/books/release/OSTA/pages/mult-structure-based_files/figure-html/plot-img-1.png,materials/raw/bioconductor_books/assets/OSTA/mult-structure-based/plot-img-1.png,exists
OSTA,mult-structure-based,,https://bioconductor.org/books/release/OSTA/pages/mult-structure-based_files/figure-html/plot-xy2-1.png,materials/raw/bioconductor_books/assets/OSTA/mult-structure-based/plot-xy2-1.png,exists
OSTA,mult-structure-based,,https://bioconductor.org/books/release/OSTA/pages/mult-structure-based_files/figure-html/plot-pca-1.png,materials/raw/bioconductor_books/assets/OSTA/mult-structure-based/plot-pca-1.png,exists
OSTA,mult-structure-based,,https://bioconductor.org/books/release/OSTA/pages/mult-structure-based_files/figure-html/plot-mets1-1.png,materials/raw/bioconductor_books/assets/OSTA/mult-structure-based/plot-mets1-1.png,exists
OSTA,mult-structure-based,,https://bioconductor.org/books/release/OSTA/pages/mult-structure-based_files/figure-html/plot-mets2-1.png,materials/raw/bioconductor_books/assets/OSTA/mult-structure-based/plot-mets2-1.png,exists
OSTA,mult-structure-based,,https://bioconductor.org/books/release/OSTA/pages/mult-structure-based_files/figure-html/plot-resfit1-1.png,materials/raw/bioconductor_books/assets/OSTA/mult-structure-based/plot-resfit1-1.png,exists
OSTA,mult-structure-based,,https://bioconductor.org/books/release/OSTA/pages/mult-structure-based_files/figure-html/plot-resfit2-1.png,materials/raw/bioconductor_books/assets/OSTA/mult-structure-based/plot-resfit2-1.png,exists
OSTA,mult-structure-based,,https://bioconductor.org/books/release/OSTA/pages/mult-structure-based_files/figure-html/plot-qq-1.png,materials/raw/bioconductor_books/assets/OSTA/mult-structure-based/plot-qq-1.png,exists
OSTA,img-cell-cell-communication,,https://bioconductor.org/books/release/OSTA/pages/img-cell-cell-communication_files/figure-html/th-1.png,materials/raw/bioconductor_books/assets/OSTA/img-cell-cell-communication/th-1.png,exists
OSTA,img-cell-cell-communication,,https://bioconductor.org/books/release/OSTA/pages/img-cell-cell-communication_files/figure-html/viz-xy-1.png,materials/raw/bioconductor_books/assets/OSTA/img-cell-cell-communication/viz-xy-1.png,exists
OSTA,img-cell-cell-communication,,https://bioconductor.org/books/release/OSTA/pages/img-cell-cell-communication_files/figure-html/viz-es-1.png,materials/raw/bioconductor_books/assets/OSTA/img-cell-cell-communication/viz-es-1.png,exists
OSTA,img-cell-cell-communication,,https://bioconductor.org/books/release/OSTA/pages/img-cell-cell-communication_files/figure-html/viz-hm-1.png,materials/raw/bioconductor_books/assets/OSTA/img-cell-cell-communication/viz-hm-1.png,exists
OSTA,img-cell-cell-communication,,https://bioconductor.org/books/release/OSTA/pages/img-cell-cell-communication_files/figure-html/viz-hm-2.png,materials/raw/bioconductor_books/assets/OSTA/img-cell-cell-communication/viz-hm-2.png,exists
OSTA,img-cell-cell-communication,,https://bioconductor.org/books/release/OSTA/pages/img-cell-cell-communication_files/figure-html/CCPlotR-viz-1.png,materials/raw/bioconductor_books/assets/OSTA/img-cell-cell-communication/CCPlotR-viz-1.png,exists
OSTA,img-workflow-cosmx,,https://bioconductor.org/books/release/OSTA/pages/img-workflow-cosmx_files/figure-html/plot-xy-1.png,materials/raw/bioconductor_books/assets/OSTA/img-workflow-cosmx/plot-xy-1.png,exists
OSTA,img-workflow-cosmx,,https://bioconductor.org/books/release/OSTA/pages/img-workflow-cosmx_files/figure-html/plot-fov-map-1.png,materials/raw/bioconductor_books/assets/OSTA/img-workflow-cosmx/plot-fov-map-1.png,exists
OSTA,img-workflow-cosmx,,https://bioconductor.org/books/release/OSTA/pages/img-workflow-cosmx_files/figure-html/qc-cosmx-1.png,materials/raw/bioconductor_books/assets/OSTA/img-workflow-cosmx/qc-cosmx-1.png,exists
OSTA,img-workflow-cosmx,,https://bioconductor.org/books/release/OSTA/pages/img-workflow-cosmx_files/figure-html/filter-qc-cosmx-1.png,materials/raw/bioconductor_books/assets/OSTA/img-workflow-cosmx/filter-qc-cosmx-1.png,exists
OSTA,img-workflow-cosmx,,https://bioconductor.org/books/release/OSTA/pages/img-workflow-cosmx_files/figure-html/subset-fovs-cosmx-1.png,materials/raw/bioconductor_books/assets/OSTA/img-workflow-cosmx/subset-fovs-cosmx-1.png,exists
OSTA,img-workflow-cosmx,,https://bioconductor.org/books/release/OSTA/pages/img-workflow-cosmx_files/figure-html/plt-gs-xy-1.png,materials/raw/bioconductor_books/assets/OSTA/img-workflow-cosmx/plt-gs-xy-1.png,exists
OSTA,img-workflow-cosmx,,https://bioconductor.org/books/release/OSTA/pages/img-workflow-cosmx_files/figure-html/annot-cosmx-1.png,materials/raw/bioconductor_books/assets/OSTA/img-workflow-cosmx/annot-cosmx-1.png,exists
OSTA,img-workflow-cosmx,,https://bioconductor.org/books/release/OSTA/pages/img-workflow-cosmx_files/figure-html/plt-svg-1.png,materials/raw/bioconductor_books/assets/OSTA/img-workflow-cosmx/plt-svg-1.png,exists
OSTA,img-workflow-cosmx,,https://bioconductor.org/books/release/OSTA/pages/img-workflow-cosmx_files/figure-html/plt-svg-genes-1.png,materials/raw/bioconductor_books/assets/OSTA/img-workflow-cosmx/plt-svg-genes-1.png,exists
OSTA,img-workflow-cosmx,,https://bioconductor.org/books/release/OSTA/pages/img-workflow-cosmx_files/figure-html/cci-graph-cosmx-1.png,materials/raw/bioconductor_books/assets/OSTA/img-workflow-cosmx/cci-graph-cosmx-1.png,exists
OSTA,img-workflow-cosmx,,https://bioconductor.org/books/release/OSTA/pages/img-workflow-cosmx_files/figure-html/cci-moran-snap25-1.png,materials/raw/bioconductor_books/assets/OSTA/img-workflow-cosmx/cci-moran-snap25-1.png,exists
OSTA,img-workflow-cosmx,,https://bioconductor.org/books/release/OSTA/pages/img-workflow-cosmx_files/figure-html/cci-moran-scatter-snap25-1.png,materials/raw/bioconductor_books/assets/OSTA/img-workflow-cosmx/cci-moran-scatter-snap25-1.png,exists
OSTA,img-workflow-cosmx,,https://bioconductor.org/books/release/OSTA/pages/img-workflow-cosmx_files/figure-html/cci-moran-scatter-sig-1.png,materials/raw/bioconductor_books/assets/OSTA/img-workflow-cosmx/cci-moran-scatter-sig-1.png,exists
OSTA,img-workflow-cosmx,,https://bioconductor.org/books/release/OSTA/pages/img-workflow-cosmx_files/figure-html/cci-CA1-l-1.png,materials/raw/bioconductor_books/assets/OSTA/img-workflow-cosmx/cci-CA1-l-1.png,exists
OSTA,img-workflow-cosmx,,https://bioconductor.org/books/release/OSTA/pages/img-workflow-cosmx_files/figure-html/cci-cross-l-1.png,materials/raw/bioconductor_books/assets/OSTA/img-workflow-cosmx/cci-cross-l-1.png,exists
OSTA,bkg-infrastructure,,https://bioconductor.org/books/release/OSTA/images/SpatialExperiment.png,materials/raw/bioconductor_books/assets/OSTA/bkg-infrastructure/SpatialExperiment.png,exists
OSTA,bkg-infrastructure,,https://bioconductor.org/books/release/OSTA/images/SpatialData.png,materials/raw/bioconductor_books/assets/OSTA/bkg-infrastructure/SpatialData.png,exists
OSCA,osca.basic-marker-detection,Distribution of expression values across clusters for the top potential marker genes (as determined by the mean AUC) for cluster 5 in the PBMC dataset.,https://bioconductor.org/books/3.23/OSCA.basic/marker-detection_files/figure-html/pbmc-scored-markers-5-1.png,materials/raw/bioconductor_books/assets/OSCA/osca.basic-marker-detection/pbmc-scored-markers-5-1.png,exists
OSCA,osca.basic-marker-detection,Distribution of expression values across clusters for the top potential marker genes (as determined by the median Cohen's $d$) for cluster 12 in the PBMC dataset.,https://bioconductor.org/books/3.23/OSCA.basic/marker-detection_files/figure-html/pbmc-scored-markers-again-1.png,materials/raw/bioconductor_books/assets/OSCA/osca.basic-marker-detection/pbmc-scored-markers-again-1.png,exists
OSCA,osca.basic-marker-detection,Heatmap of the centered average log-expression values for the top potential marker genes for cluster 12 in the PBMC dataset. The set of markers was selected as those genes with Cohen's $d$-derived min-ranks less than or equal to 5.,https://bioconductor.org/books/3.23/OSCA.basic/marker-detection_files/figure-html/pbmc-grouped-ranked-heat-1.png,materials/raw/bioconductor_books/assets/OSCA/osca.basic-marker-detection/pbmc-grouped-ranked-heat-1.png,exists
OSCA,osca.basic-marker-detection,Heatmap of the centered average log-expression values for the top potential marker genes for cluster 12 relative to other _LYZ_-high clusters in the PBMC dataset. The set of markers was selected as those genes with AUC-derived min-ranks less than or equal to 10.,https://bioconductor.org/books/3.23/OSCA.basic/marker-detection_files/figure-html/pbmc-grouped-ranked-heat2-1.png,materials/raw/bioconductor_books/assets/OSCA/osca.basic-marker-detection/pbmc-grouped-ranked-heat2-1.png,exists
OSCA,osca.basic-marker-detection,"Dot plot of the top potential marker genes (as determined by the mean AUC) for cluster 4 in the PBMC dataset. Each row corrresponds to a marker gene and each column corresponds to a cluster. The size of each dot represents the proportion of cells with detected expression of the gene in the cluster, while the color is proportional to the average expression across all cells in that cluster.",https://bioconductor.org/books/3.23/OSCA.basic/marker-detection_files/figure-html/pbmc-markers-4-lfc-1.png,materials/raw/bioconductor_books/assets/OSCA/osca.basic-marker-detection/pbmc-markers-4-lfc-1.png,exists
OSCA,osca.basic-marker-detection,Distribution of expression values across clusters for the top potential marker genes from cluster 1 in the 416B dataset. Each point represents a cell and is colored by the batch of origin.,https://bioconductor.org/books/3.23/OSCA.basic/marker-detection_files/figure-html/blocked-markers-416b-1.png,materials/raw/bioconductor_books/assets/OSCA/osca.basic-marker-detection/blocked-markers-416b-1.png,exists
OSCA,osca.workflows,Bioconductor Sticker,https://github.com/Bioconductor/BiocStickers/raw/master/Bioconductor/Bioconductor-serial.gif,materials/raw/bioconductor_books/assets/OSCA/osca.workflows/Bioconductor-serial.gif,failed
OSCA,osca.workflows-grun-mouse-hsc-cel-seq,Distribution of each QC metric across cells in the Grun HSC dataset. Each point represents a cell and is colored according to whether that cell was discarded.,https://bioconductor.org/books/3.23/OSCA.workflows/grun-hsc_files/figure-html/unref-hgrun-qc-dist-1.png,materials/raw/bioconductor_books/assets/OSCA/osca.workflows-grun-mouse-hsc-cel-seq/unref-hgrun-qc-dist-1.png,exists
OSCA,osca.workflows-grun-mouse-hsc-cel-seq,Relationship between the library size factors and the deconvolution size factors in the Grun HSC dataset.,https://bioconductor.org/books/3.23/OSCA.workflows/grun-hsc_files/figure-html/unref-hgrun-norm-1.png,materials/raw/bioconductor_books/assets/OSCA/osca.workflows-grun-mouse-hsc-cel-seq/unref-hgrun-norm-1.png,exists
OSCA,osca.workflows-grun-mouse-hsc-cel-seq,Per-gene variance as a function of the mean for the log-expression values in the Grun HSC dataset. Each point represents a gene (black) with the mean-variance trend (blue) fitted to the simulated Poisson-distributed noise.,https://bioconductor.org/books/3.23/OSCA.workflows/grun-hsc_files/figure-html/unref-hgrun-var-1.png,materials/raw/bioconductor_books/assets/OSCA/osca.workflows-grun-mouse-hsc-cel-seq/unref-hgrun-var-1.png,exists
OSCA,osca.workflows-grun-mouse-hsc-cel-seq,"Obligatory $t$-SNE plot of the Grun HSC dataset, where each point represents a cell and is colored according to the assigned cluster (left) or extraction protocol (right).",https://bioconductor.org/books/3.23/OSCA.workflows/grun-hsc_files/figure-html/unref-hgrun-tsne-1.png,materials/raw/bioconductor_books/assets/OSCA/osca.workflows-grun-mouse-hsc-cel-seq/unref-hgrun-tsne-1.png,exists
OSCA,osca.workflows-grun-mouse-hsc-cel-seq,Heatmap of the AUCs for the top marker genes in cluster 6 compared to all other clusters in the Grun HSC dataset.,https://bioconductor.org/books/3.23/OSCA.workflows/grun-hsc_files/figure-html/unref-heat-hgrun-markers-1.png,materials/raw/bioconductor_books/assets/OSCA/osca.workflows-grun-mouse-hsc-cel-seq/unref-heat-hgrun-markers-1.png,exists
OSCA,osca.multisample-correction-diagnostics,"Comparison between the clusterings obtained before (columns) and after MNN correction (rows). One heatmap is generated for each of the PBMC 3K and 4K datasets, where each entry is colored according to the proportion of cells distributed along each row (i.e., the row sums equal unity).",https://bioconductor.org/books/3.23/OSCA.multisample/correction-diagnostics_files/figure-html/heat-after-mnn-1.png,materials/raw/bioconductor_books/assets/OSCA/osca.multisample-correction-diagnostics/heat-after-mnn-1.png,exists
OSCA,osca.multisample-correction-diagnostics,ARI-derived ratios for the within-batch clusters after comparison to the merged clusters obtained after MNN correction. One heatmap is generated for each of the PBMC 3K and 4K datasets.,https://bioconductor.org/books/3.23/OSCA.multisample/correction-diagnostics_files/figure-html/rand-after-mnn-1.png,materials/raw/bioconductor_books/assets/OSCA/osca.multisample-correction-diagnostics/rand-after-mnn-1.png,exists
OSCA,osca.multisample-correction-diagnostics,Distribution of the expression of the gene with the largest variance of MNN pair differences in each batch of the the PBMC dataset.,https://bioconductor.org/books/3.23/OSCA.multisample/correction-diagnostics_files/figure-html/mnn-delta-var-pbmc-1.png,materials/raw/bioconductor_books/assets/OSCA/osca.multisample-correction-diagnostics/mnn-delta-var-pbmc-1.png,exists
OSCA,osca.multisample,Bioconductor Sticker,https://github.com/Bioconductor/BiocStickers/raw/master/Bioconductor/Bioconductor-serial.gif,materials/raw/bioconductor_books/assets/OSCA/osca.multisample/Bioconductor-serial.gif,failed
OSCA,osca.workflows-lawlor-human-pancreas-smarter,Distribution of each QC metric across cells from each donor of the Lawlor pancreas dataset. Each point represents a cell and is colored according to whether that cell was discarded.,https://bioconductor.org/books/3.23/OSCA.workflows/lawlor-pancreas_files/figure-html/unref-lawlor-qc-dist-1.png,materials/raw/bioconductor_books/assets/OSCA/osca.workflows-lawlor-human-pancreas-smarter/unref-lawlor-qc-dist-1.png,exists
OSCA,osca.workflows-lawlor-human-pancreas-smarter,Percentage of mitochondrial reads in each cell in the 416B dataset compared to the total count. Each point represents a cell and is colored according to whether that cell was discarded.,https://bioconductor.org/books/3.23/OSCA.workflows/lawlor-pancreas_files/figure-html/unref-lawlor-qc-comp-1.png,materials/raw/bioconductor_books/assets/OSCA/osca.workflows-lawlor-human-pancreas-smarter/unref-lawlor-qc-comp-1.png,exists
OSCA,osca.workflows-lawlor-human-pancreas-smarter,Relationship between the library size factors and the deconvolution size factors in the Lawlor pancreas dataset.,https://bioconductor.org/books/3.23/OSCA.workflows/lawlor-pancreas_files/figure-html/unref-lawlor-norm-1.png,materials/raw/bioconductor_books/assets/OSCA/osca.workflows-lawlor-human-pancreas-smarter/unref-lawlor-norm-1.png,exists
OSCA,osca.workflows-lawlor-human-pancreas-smarter,Per-gene variance as a function of the mean for the log-expression values in the Lawlor pancreas dataset. Each point represents a gene (black) with the mean-variance trend (blue) fitted separately for each donor.,https://bioconductor.org/books/3.23/OSCA.workflows/lawlor-pancreas_files/figure-html/unnamed-chunk-4-1.png,materials/raw/bioconductor_books/assets/OSCA/osca.workflows-lawlor-human-pancreas-smarter/unnamed-chunk-4-1.png,exists
OSCA,osca.workflows-lawlor-human-pancreas-smarter,Obligatory $t$-SNE plots of the Lawlor pancreas dataset. Each point represents a cell that is colored by cluster (left) or batch (right).,https://bioconductor.org/books/3.23/OSCA.workflows/lawlor-pancreas_files/figure-html/unref-grun-tsne-1.png,materials/raw/bioconductor_books/assets/OSCA/osca.workflows-lawlor-human-pancreas-smarter/unref-grun-tsne-1.png,exists
OSCA,osca.multisample-using-corrected-values,Distribution of uncorrected expression values for _INS-IGF2_ across the cell types in the Grun and Muraro pancreas datasets.,https://bioconductor.org/books/3.23/OSCA.multisample/using-corrected-values_files/figure-html/pancreas-mnn-delta-1.png,materials/raw/bioconductor_books/assets/OSCA/osca.multisample-using-corrected-values/pancreas-mnn-delta-1.png,exists
OSCA,osca.multisample-using-corrected-values,Distribution of MNN-corrected expression values for _INS-IGF2_ across the cell types in the Grun and Muraro pancreas datasets.,https://bioconductor.org/books/3.23/OSCA.multisample/using-corrected-values_files/figure-html/pancreas-mnn-delta2-1.png,materials/raw/bioconductor_books/assets/OSCA/osca.multisample-using-corrected-values/pancreas-mnn-delta2-1.png,exists
OSCA,osca.multisample-using-corrected-values,Distributions of uncorrected log-expression values for _CD8B_ and _CD3D_ within each cluster in each batch of the merged PBMC dataset.,https://bioconductor.org/books/3.23/OSCA.multisample/using-corrected-values_files/figure-html/pbmc-marker-blocked-1.png,materials/raw/bioconductor_books/assets/OSCA/osca.multisample-using-corrected-values/pbmc-marker-blocked-1.png,exists
OSCA,osca.multisample-using-corrected-values,"Distribution of log-expression values for _INS_ in beta cells across donors in the Segerstolpe pancreas dataset. Each point represents a cell in each donor (left) or the average of all cells in each donor (right), and is colored according to disease status of the donor.",https://bioconductor.org/books/3.23/OSCA.multisample/using-corrected-values_files/figure-html/seger-beta-ins-raw-1.png,materials/raw/bioconductor_books/assets/OSCA/osca.multisample-using-corrected-values/seger-beta-ins-raw-1.png,exists
OSCA,osca.multisample-using-corrected-values,"Distribution of MNN-corrected log-expression values for _INS_ in beta cells across donors in the Segerstolpe pancreas dataset. Each point represents a cell in each donor (left) or the average of all cells in each donor (right), and is colored according to disease status of the donor.",https://bioconductor.org/books/3.23/OSCA.multisample/using-corrected-values_files/figure-html/seger-beta-ins-corrected-1.png,materials/raw/bioconductor_books/assets/OSCA/osca.multisample-using-corrected-values/seger-beta-ins-corrected-1.png,exists
OSCA,osca.multisample-differential-abundance,Biological coefficient of variation (BCV) for each label with respect to its average abundance. BCVs are defined as the square root of the NB dispersion. Common dispersion estimates are shown in red.,https://bioconductor.org/books/3.23/OSCA.multisample/cluster-abundance_files/figure-html/abplotbcv-1.png,materials/raw/bioconductor_books/assets/OSCA/osca.multisample-differential-abundance/abplotbcv-1.png,exists
OSCA,osca.multisample-differential-abundance,QL dispersion estimates for each label with respect to its average abundance. Quarter-root values of the raw estimates are shown in black while the shrunken estimates are shown in red. Shrinkage is performed towards the common dispersion in blue.,https://bioconductor.org/books/3.23/OSCA.multisample/cluster-abundance_files/figure-html/abplotql-1.png,materials/raw/bioconductor_books/assets/OSCA/osca.multisample-differential-abundance/abplotql-1.png,exists
OSCA,osca.intro,Bioconductor Sticker,https://github.com/Bioconductor/BiocStickers/raw/master/Bioconductor/Bioconductor-serial.gif,materials/raw/bioconductor_books/assets/OSCA/osca.intro/Bioconductor-serial.gif,failed
OSCA,osca.multisample,Bioconductor Sticker,https://github.com/Bioconductor/BiocStickers/raw/master/Bioconductor/Bioconductor-serial.gif,materials/raw/bioconductor_books/assets/OSCA/osca.multisample/Bioconductor-serial.gif,failed
OSCA,osca.basic-dimensionality-reduction,"Percentage of variance explained by successive PCs in the Zeisel dataset, shown on a log-scale for visualization purposes.",https://bioconductor.org/books/3.23/OSCA.basic/reduced-dimensions_files/figure-html/zeisel-scree-1.png,materials/raw/bioconductor_books/assets/OSCA/osca.basic-dimensionality-reduction/zeisel-scree-1.png,exists
OSCA,osca.basic-dimensionality-reduction,"PCA plot of the first two PCs in the Zeisel brain data. Each point is a cell, coloured according to the annotation provided by the original authors.",https://bioconductor.org/books/3.23/OSCA.basic/reduced-dimensions_files/figure-html/zeisel-pca-1.png,materials/raw/bioconductor_books/assets/OSCA/osca.basic-dimensionality-reduction/zeisel-pca-1.png,exists
OSCA,osca.basic-dimensionality-reduction,"PCA plot of the first two PCs in the Zeisel brain data. Each point is a cell, coloured according to the annotation provided by the original authors.",https://bioconductor.org/books/3.23/OSCA.basic/reduced-dimensions_files/figure-html/zeisel-pca-multi-1.png,materials/raw/bioconductor_books/assets/OSCA/osca.basic-dimensionality-reduction/zeisel-pca-multi-1.png,exists
OSCA,osca.basic-dimensionality-reduction,"$t$-SNE plots constructed from the top PCs in the Zeisel brain dataset. Each point represents a cell, coloured according to the published annotation.",https://bioconductor.org/books/3.23/OSCA.basic/reduced-dimensions_files/figure-html/tsne-brain-1.png,materials/raw/bioconductor_books/assets/OSCA/osca.basic-dimensionality-reduction/tsne-brain-1.png,exists
OSCA,osca.basic-dimensionality-reduction,"$t$-SNE plots constructed from the top PCs in the Zeisel brain dataset, using a range of perplexity values. Each point represents a cell, coloured according to its annotation.",https://bioconductor.org/books/3.23/OSCA.basic/reduced-dimensions_files/figure-html/tsne-perplexity-1.png,materials/raw/bioconductor_books/assets/OSCA/osca.basic-dimensionality-reduction/tsne-perplexity-1.png,exists
OSCA,osca.basic-dimensionality-reduction,"UMAP plots constructed from the top PCs in the Zeisel brain dataset. Each point represents a cell, coloured according to the published annotation.",https://bioconductor.org/books/3.23/OSCA.basic/reduced-dimensions_files/figure-html/umap-brain-1.png,materials/raw/bioconductor_books/assets/OSCA/osca.basic-dimensionality-reduction/umap-brain-1.png,exists
OSCA,osca.multisample-merged-pancreas,$t$-SNE plot of the two pancreas datasets after correction with `rescaleBatches()`. Each point represents a cell and is colored according to the batch of origin.,https://bioconductor.org/books/3.23/OSCA.multisample/merged-pancreas_files/figure-html/tsne-pancreas-rescaled-1.png,materials/raw/bioconductor_books/assets/OSCA/osca.multisample-merged-pancreas/tsne-pancreas-rescaled-1.png,exists
OSCA,osca.multisample-merged-pancreas,$t$-SNE plot of the two pancreas datasets after correction with `fastMNN()`. Each point represents a cell and is colored according to the batch of origin.,https://bioconductor.org/books/3.23/OSCA.multisample/merged-pancreas_files/figure-html/tsne-pancreas-mnn-1.png,materials/raw/bioconductor_books/assets/OSCA/osca.multisample-merged-pancreas/tsne-pancreas-mnn-1.png,exists
OSCA,osca.multisample-merged-pancreas,$t$-SNE plots of the four pancreas datasets after correction with `fastMNN()`. Each point represents a cell and is colored according to the batch of origin (left) or the assigned cluster (right). The cluster label is shown at the median location across all cells in the cluster.,https://bioconductor.org/books/3.23/OSCA.multisample/merged-pancreas_files/figure-html/tsne-pancreas-mnn-many-1.png,materials/raw/bioconductor_books/assets/OSCA/osca.multisample-merged-pancreas/tsne-pancreas-mnn-many-1.png,exists
OSCA,osca.multisample-merged-pancreas,$t$-SNE plots of the four pancreas datasets after correction with `fastMNN()`. Each point represents a cell and is colored according to the donor of origin for the Segerstolpe dataset.,https://bioconductor.org/books/3.23/OSCA.multisample/merged-pancreas_files/figure-html/tsne-pancreas-mnn-donor-1.png,materials/raw/bioconductor_books/assets/OSCA/osca.multisample-merged-pancreas/tsne-pancreas-mnn-donor-1.png,exists
OSCA,osca.multisample-merged-pancreas,$t$-SNE plots of the four pancreas datasets after donor-level correction with `fastMNN()`. Each point represents a cell and is colored according to the batch of origin (left) or the donor of origin for the Segerstolpe-derived cells (right). The cluster label is shown at the median location across all cells in the cluster.,https://bioconductor.org/books/3.23/OSCA.multisample/merged-pancreas_files/figure-html/tsne-pancreas-mnn-donor-all-1.png,materials/raw/bioconductor_books/assets/OSCA/osca.multisample-merged-pancreas/tsne-pancreas-mnn-donor-all-1.png,exists
OSCA,osca.workflows-grun-human-pancreas-cel-seq2,Distribution of each QC metric across cells from each donor of the Grun pancreas dataset. Each point represents a cell and is colored according to whether that cell was discarded.,https://bioconductor.org/books/3.23/OSCA.workflows/grun-pancreas_files/figure-html/unref-grun-qc-dist-1.png,materials/raw/bioconductor_books/assets/OSCA/osca.workflows-grun-human-pancreas-cel-seq2/unref-grun-qc-dist-1.png,exists
OSCA,osca.workflows-grun-human-pancreas-cel-seq2,Relationship between the library size factors and the deconvolution size factors in the Grun pancreas dataset.,https://bioconductor.org/books/3.23/OSCA.workflows/grun-pancreas_files/figure-html/unref-grun-norm-1.png,materials/raw/bioconductor_books/assets/OSCA/osca.workflows-grun-human-pancreas-cel-seq2/unref-grun-norm-1.png,exists
OSCA,osca.workflows-grun-human-pancreas-cel-seq2,Per-gene variance as a function of the mean for the log-expression values in the Grun pancreas dataset. Each point represents a gene (black) with the mean-variance trend (blue) fitted to the spike-in transcripts (red) separately for each donor.,https://bioconductor.org/books/3.23/OSCA.workflows/grun-pancreas_files/figure-html/unref-416b-variance-1.png,materials/raw/bioconductor_books/assets/OSCA/osca.workflows-grun-human-pancreas-cel-seq2/unref-416b-variance-1.png,exists
OSCA,osca.workflows-grun-human-pancreas-cel-seq2,Obligatory $t$-SNE plots of the Grun pancreas dataset. Each point represents a cell that is colored by cluster (left) or batch (right).,https://bioconductor.org/books/3.23/OSCA.workflows/grun-pancreas_files/figure-html/unref-grun-tsne-1.png,materials/raw/bioconductor_books/assets/OSCA/osca.workflows-grun-human-pancreas-cel-seq2/unref-grun-tsne-1.png,exists
OSCA,osca.basic,Bioconductor Sticker,https://github.com/Bioconductor/BiocStickers/raw/master/Bioconductor/Bioconductor-serial.gif,materials/raw/bioconductor_books/assets/OSCA/osca.basic/Bioconductor-serial.gif,failed
OSCA,osca.multisample-chimeric-mouse-embryo-10x-genomics,Per-gene variance as a function of the mean for the log-expression values in the Pijuan-Sala chimeric mouse embryo dataset. Each point represents a gene (black) with the mean-variance trend (blue) fitted to the variances.,https://bioconductor.org/books/3.23/OSCA.multisample/pijuan-embryo_files/figure-html/unref-pijuan-var-1.png,materials/raw/bioconductor_books/assets/OSCA/osca.multisample-chimeric-mouse-embryo-10x-genomics/unref-pijuan-var-1.png,exists
OSCA,osca.multisample-chimeric-mouse-embryo-10x-genomics,Per-gene variance as a function of the mean for the log-expression values in the Pijuan-Sala chimeric mouse embryo dataset. Each point represents a gene (black) with the mean-variance trend (blue) fitted to the variances.,https://bioconductor.org/books/3.23/OSCA.multisample/pijuan-embryo_files/figure-html/unref-pijuan-var-2.png,materials/raw/bioconductor_books/assets/OSCA/osca.multisample-chimeric-mouse-embryo-10x-genomics/unref-pijuan-var-2.png,exists
OSCA,osca.multisample-chimeric-mouse-embryo-10x-genomics,Per-gene variance as a function of the mean for the log-expression values in the Pijuan-Sala chimeric mouse embryo dataset. Each point represents a gene (black) with the mean-variance trend (blue) fitted to the variances.,https://bioconductor.org/books/3.23/OSCA.multisample/pijuan-embryo_files/figure-html/unref-pijuan-var-3.png,materials/raw/bioconductor_books/assets/OSCA/osca.multisample-chimeric-mouse-embryo-10x-genomics/unref-pijuan-var-3.png,exists
OSCA,osca.multisample-chimeric-mouse-embryo-10x-genomics,"Obligatory $t$-SNE plots of the Pijuan-Sala chimeric mouse embryo dataset, where each point represents a cell and is colored according to the assigned cluster (top) or sample of origin (bottom).",https://bioconductor.org/books/3.23/OSCA.multisample/pijuan-embryo_files/figure-html/unref-pijuan-tsne-1.png,materials/raw/bioconductor_books/assets/OSCA/osca.multisample-chimeric-mouse-embryo-10x-genomics/unref-pijuan-tsne-1.png,exists
OSCA,osca.intro,Bioconductor Sticker,https://github.com/Bioconductor/BiocStickers/raw/master/Bioconductor/Bioconductor-serial.gif,materials/raw/bioconductor_books/assets/OSCA/osca.intro/Bioconductor-serial.gif,failed
OSCA,osca.workflows-nestorowa-mouse-hsc-smart-seq2,Distribution of each QC metric across cells in the Nestorowa HSC dataset. Each point represents a cell and is colored according to whether that cell was discarded.,https://bioconductor.org/books/3.23/OSCA.workflows/nestorowa-hsc_files/figure-html/unref-nest-qc-dist-1.png,materials/raw/bioconductor_books/assets/OSCA/osca.workflows-nestorowa-mouse-hsc-smart-seq2/unref-nest-qc-dist-1.png,exists
OSCA,osca.workflows-nestorowa-mouse-hsc-smart-seq2,Relationship between the library size factors and the deconvolution size factors in the Nestorowa HSC dataset.,https://bioconductor.org/books/3.23/OSCA.workflows/nestorowa-hsc_files/figure-html/unref-nest-norm-1.png,materials/raw/bioconductor_books/assets/OSCA/osca.workflows-nestorowa-mouse-hsc-smart-seq2/unref-nest-norm-1.png,exists
OSCA,osca.workflows-nestorowa-mouse-hsc-smart-seq2,Per-gene variance as a function of the mean for the log-expression values in the Nestorowa HSC dataset. Each point represents a gene (black) with the mean-variance trend (blue) fitted to the spike-ins (red).,https://bioconductor.org/books/3.23/OSCA.workflows/nestorowa-hsc_files/figure-html/unref-nest-var-1.png,materials/raw/bioconductor_books/assets/OSCA/osca.workflows-nestorowa-mouse-hsc-smart-seq2/unref-nest-var-1.png,exists
OSCA,osca.workflows-nestorowa-mouse-hsc-smart-seq2,"Obligatory $t$-SNE plot of the Nestorowa HSC dataset, where each point represents a cell and is colored according to the assigned cluster.",https://bioconductor.org/books/3.23/OSCA.workflows/nestorowa-hsc_files/figure-html/unref-nest-tsne-1.png,materials/raw/bioconductor_books/assets/OSCA/osca.workflows-nestorowa-mouse-hsc-smart-seq2/unref-nest-tsne-1.png,exists
OSCA,osca.workflows-nestorowa-mouse-hsc-smart-seq2,Heatmap of the AUCs for the top marker genes in cluster 10 compared to all other clusters.,https://bioconductor.org/books/3.23/OSCA.workflows/nestorowa-hsc_files/figure-html/unref-heat-nest-markers-1.png,materials/raw/bioconductor_books/assets/OSCA/osca.workflows-nestorowa-mouse-hsc-smart-seq2/unref-heat-nest-markers-1.png,exists
OSCA,osca.workflows-nestorowa-mouse-hsc-smart-seq2,"Heatmap of the distribution of cells for each cluster in the Nestorowa HSC dataset, based on their assignment to each label in the mouse RNA-seq references from the _SingleR_ package.",https://bioconductor.org/books/3.23/OSCA.workflows/nestorowa-hsc_files/figure-html/unref-assignments-nest-1.png,materials/raw/bioconductor_books/assets/OSCA/osca.workflows-nestorowa-mouse-hsc-smart-seq2/unref-assignments-nest-1.png,exists
OSCA,osca.workflows-nestorowa-mouse-hsc-smart-seq2,Heatmap of the centered log-average intensity for each target protein quantified by FACS in the Nestorowa HSC dataset.,https://bioconductor.org/books/3.23/OSCA.workflows/nestorowa-hsc_files/figure-html/unref-nest-facs-1.png,materials/raw/bioconductor_books/assets/OSCA/osca.workflows-nestorowa-mouse-hsc-smart-seq2/unref-nest-facs-1.png,exists
OSCA,osca.workflows-bach-mouse-mammary-gland-10x-genomics,Distribution of each QC metric across cells in the Bach mammary gland dataset. Each point represents a cell and is colored according to whether that cell was discarded.,https://bioconductor.org/books/3.23/OSCA.workflows/bach-mammary_files/figure-html/unref-bach-qc-dist-1.png,materials/raw/bioconductor_books/assets/OSCA/osca.workflows-bach-mouse-mammary-gland-10x-genomics/unref-bach-qc-dist-1.png,exists
OSCA,osca.workflows-bach-mouse-mammary-gland-10x-genomics,Percentage of mitochondrial reads in each cell in the Bach mammary gland dataset compared to its total count. Each point represents a cell and is colored according to whether that cell was discarded.,https://bioconductor.org/books/3.23/OSCA.workflows/bach-mammary_files/figure-html/unref-bach-qc-comp-1.png,materials/raw/bioconductor_books/assets/OSCA/osca.workflows-bach-mouse-mammary-gland-10x-genomics/unref-bach-qc-comp-1.png,exists
OSCA,osca.workflows-bach-mouse-mammary-gland-10x-genomics,Relationship between the library size factors and the deconvolution size factors in the Bach mammary gland dataset.,https://bioconductor.org/books/3.23/OSCA.workflows/bach-mammary_files/figure-html/unref-bach-norm-1.png,materials/raw/bioconductor_books/assets/OSCA/osca.workflows-bach-mouse-mammary-gland-10x-genomics/unref-bach-norm-1.png,exists
OSCA,osca.workflows-bach-mouse-mammary-gland-10x-genomics,Per-gene variance as a function of the mean for the log-expression values in the Bach mammary gland dataset. Each point represents a gene (black) with the mean-variance trend (blue) fitted to simulated Poisson counts.,https://bioconductor.org/books/3.23/OSCA.workflows/bach-mammary_files/figure-html/unref-bach-var-1.png,materials/raw/bioconductor_books/assets/OSCA/osca.workflows-bach-mouse-mammary-gland-10x-genomics/unref-bach-var-1.png,exists
OSCA,osca.workflows-bach-mouse-mammary-gland-10x-genomics,"Obligatory $t$-SNE plot of the Bach mammary gland dataset, where each point represents a cell and is colored according to the assigned cluster.",https://bioconductor.org/books/3.23/OSCA.workflows/bach-mammary_files/figure-html/unref-bach-tsne-1.png,materials/raw/bioconductor_books/assets/OSCA/osca.workflows-bach-mouse-mammary-gland-10x-genomics/unref-bach-tsne-1.png,exists
OSCA,osca.workflows-muraro-human-pancreas-cel-seq,Distribution of each QC metric across cells from each donor in the Muraro pancreas dataset. Each point represents a cell and is colored according to whether that cell was discarded.,https://bioconductor.org/books/3.23/OSCA.workflows/muraro-pancreas_files/figure-html/unref-muraro-qc-dist-1.png,materials/raw/bioconductor_books/assets/OSCA/osca.workflows-muraro-human-pancreas-cel-seq/unref-muraro-qc-dist-1.png,exists
OSCA,osca.workflows-muraro-human-pancreas-cel-seq,Relationship between the library size factors and the deconvolution size factors in the Muraro pancreas dataset.,https://bioconductor.org/books/3.23/OSCA.workflows/muraro-pancreas_files/figure-html/unref-muraro-norm-1.png,materials/raw/bioconductor_books/assets/OSCA/osca.workflows-muraro-human-pancreas-cel-seq/unref-muraro-norm-1.png,exists
OSCA,osca.workflows-muraro-human-pancreas-cel-seq,Per-gene variance as a function of the mean for the log-expression values in the Muraro pancreas dataset. Each point represents a gene (black) with the mean-variance trend (blue) fitted to the spike-in transcripts (red) separately for each donor.,https://bioconductor.org/books/3.23/OSCA.workflows/muraro-pancreas_files/figure-html/unref-muraro-variance-1.png,materials/raw/bioconductor_books/assets/OSCA/osca.workflows-muraro-human-pancreas-cel-seq/unref-muraro-variance-1.png,exists
OSCA,osca.workflows-muraro-human-pancreas-cel-seq,Heatmap of the frequency of cells from each cell type label in each cluster.,https://bioconductor.org/books/3.23/OSCA.workflows/muraro-pancreas_files/figure-html/unref-seger-heat-1.png,materials/raw/bioconductor_books/assets/OSCA/osca.workflows-muraro-human-pancreas-cel-seq/unref-seger-heat-1.png,exists
OSCA,osca.workflows-muraro-human-pancreas-cel-seq,Obligatory $t$-SNE plots of the Muraro pancreas dataset. Each point represents a cell that is colored by cluster (left) or batch (right).,https://bioconductor.org/books/3.23/OSCA.workflows/muraro-pancreas_files/figure-html/unref-muraro-tsne-1.png,materials/raw/bioconductor_books/assets/OSCA/osca.workflows-muraro-human-pancreas-cel-seq/unref-muraro-tsne-1.png,exists
OSCA,osca.workflows-hca-human-bone-marrow-10x-genomics,Distribution of QC metrics in the HCA bone marrow dataset. Each point represents a cell and is colored according to whether it was discarded.,https://bioconductor.org/books/3.23/OSCA.workflows/hca-bone-marrow_files/figure-html/unref-hca-bone-qc-1.png,materials/raw/bioconductor_books/assets/OSCA/osca.workflows-hca-human-bone-marrow-10x-genomics/unref-hca-bone-qc-1.png,exists
OSCA,osca.workflows-hca-human-bone-marrow-10x-genomics,Percentage of mitochondrial reads in each cell in the HCA bone marrow dataset compared to its total count. Each point represents a cell and is colored according to whether that cell was discarded.,https://bioconductor.org/books/3.23/OSCA.workflows/hca-bone-marrow_files/figure-html/unref-hca-bone-mito-1.png,materials/raw/bioconductor_books/assets/OSCA/osca.workflows-hca-human-bone-marrow-10x-genomics/unref-hca-bone-mito-1.png,exists
OSCA,osca.workflows-hca-human-bone-marrow-10x-genomics,Per-gene variance as a function of the mean for the log-expression values in the HCA bone marrow dataset. Each point represents a gene (black) with the mean-variance trend (blue) fitted to the variances.,https://bioconductor.org/books/3.23/OSCA.workflows/hca-bone-marrow_files/figure-html/unref-hca-bone-var-1.png,materials/raw/bioconductor_books/assets/OSCA/osca.workflows-hca-human-bone-marrow-10x-genomics/unref-hca-bone-var-1.png,exists
OSCA,osca.workflows-hca-human-bone-marrow-10x-genomics,Heatmap of log~10~-number of cells in each cluster (row) from each sample (column).,https://bioconductor.org/books/3.23/OSCA.workflows/hca-bone-marrow_files/figure-html/unref-hca-bone-ab-1.png,materials/raw/bioconductor_books/assets/OSCA/osca.workflows-hca-human-bone-marrow-10x-genomics/unref-hca-bone-ab-1.png,exists
OSCA,osca.workflows-hca-human-bone-marrow-10x-genomics,UMAP plots of the HCA bone marrow dataset after merging. Each point represents a cell and is colored according to the assigned cluster (top) or the donor of origin (bottom).,https://bioconductor.org/books/3.23/OSCA.workflows/hca-bone-marrow_files/figure-html/unref-hca-bone-umap-1.png,materials/raw/bioconductor_books/assets/OSCA/osca.workflows-hca-human-bone-marrow-10x-genomics/unref-hca-bone-umap-1.png,exists
OSCA,osca.workflows-hca-human-bone-marrow-10x-genomics,Heatmap of log~2~-fold changes for the top marker genes (rows) of cluster 4 compared to all other clusters (columns).,https://bioconductor.org/books/3.23/OSCA.workflows/hca-bone-marrow_files/figure-html/unref-hca-bone-heatmap-1.png,materials/raw/bioconductor_books/assets/OSCA/osca.workflows-hca-human-bone-marrow-10x-genomics/unref-hca-bone-heatmap-1.png,exists
OSCA,osca.intro-the-singlecellexperiment-class,"Overview of the structure of the `SingleCellExperiment` class. Each row of the assays corresponds to a row of the `rowData` (pink shading), while each column of the assays corresponds to a column of the `colData` and `reducedDims` (yellow shading).",https://bioconductor.org/books/3.23/OSCA.intro/images/SingleCellExperiment.png,materials/raw/bioconductor_books/assets/OSCA/osca.intro-the-singlecellexperiment-class/SingleCellExperiment.png,exists
OSCA,osca.workflows-unfiltered-human-pbmcs-10x-genomics,Distribution of various QC metrics in the PBMC dataset after cell calling. Each point is a cell and is colored according to whether it was discarded by the mitochondrial filter.,https://bioconductor.org/books/3.23/OSCA.workflows/tenx-unfiltered-pbmc4k_files/figure-html/unref-unfiltered-pbmc-qc-1.png,materials/raw/bioconductor_books/assets/OSCA/osca.workflows-unfiltered-human-pbmcs-10x-genomics/unref-unfiltered-pbmc-qc-1.png,exists
OSCA,osca.workflows-unfiltered-human-pbmcs-10x-genomics,Proportion of mitochondrial reads in each cell of the PBMC dataset compared to its total count.,https://bioconductor.org/books/3.23/OSCA.workflows/tenx-unfiltered-pbmc4k_files/figure-html/unref-unfiltered-pbmc-mito-1.png,materials/raw/bioconductor_books/assets/OSCA/osca.workflows-unfiltered-human-pbmcs-10x-genomics/unref-unfiltered-pbmc-mito-1.png,exists
OSCA,osca.workflows-unfiltered-human-pbmcs-10x-genomics,Relationship between the library size factors and the deconvolution size factors in the PBMC dataset.,https://bioconductor.org/books/3.23/OSCA.workflows/tenx-unfiltered-pbmc4k_files/figure-html/unref-unfiltered-pbmc-norm-1.png,materials/raw/bioconductor_books/assets/OSCA/osca.workflows-unfiltered-human-pbmcs-10x-genomics/unref-unfiltered-pbmc-norm-1.png,exists
OSCA,osca.workflows-unfiltered-human-pbmcs-10x-genomics,Per-gene variance as a function of the mean for the log-expression values in the PBMC dataset. Each point represents a gene (black) with the mean-variance trend (blue) fitted to simulated Poisson counts.,https://bioconductor.org/books/3.23/OSCA.workflows/tenx-unfiltered-pbmc4k_files/figure-html/unref-unfiltered-pbmc-var-1.png,materials/raw/bioconductor_books/assets/OSCA/osca.workflows-unfiltered-human-pbmcs-10x-genomics/unref-unfiltered-pbmc-var-1.png,exists
OSCA,osca.workflows-unfiltered-human-pbmcs-10x-genomics,"Obligatory $t$-SNE plot of the PBMC dataset, where each point represents a cell and is colored according to the assigned cluster.",https://bioconductor.org/books/3.23/OSCA.workflows/tenx-unfiltered-pbmc4k_files/figure-html/unref-unfiltered-pbmc-tsne-1.png,materials/raw/bioconductor_books/assets/OSCA/osca.workflows-unfiltered-human-pbmcs-10x-genomics/unref-unfiltered-pbmc-tsne-1.png,exists
OSCA,osca.workflows-unfiltered-human-pbmcs-10x-genomics,Distribution of expression values for monocyte and macrophage markers across clusters in the PBMC dataset.,https://bioconductor.org/books/3.23/OSCA.workflows/tenx-unfiltered-pbmc4k_files/figure-html/unref-mono-pbmc-markers-1.png,materials/raw/bioconductor_books/assets/OSCA/osca.workflows-unfiltered-human-pbmcs-10x-genomics/unref-mono-pbmc-markers-1.png,exists
OSCA,osca.workflows-lun-416b-cell-line-smart-seq2,"Distribution of each QC metric across cells in the 416B dataset, stratified by the plate of origin. Each point represents a cell and is colored according to whether that cell was discarded.",https://bioconductor.org/books/3.23/OSCA.workflows/lun-416b_files/figure-html/unref-416b-qc-dist-1.png,materials/raw/bioconductor_books/assets/OSCA/osca.workflows-lun-416b-cell-line-smart-seq2/unref-416b-qc-dist-1.png,exists
OSCA,osca.workflows-lun-416b-cell-line-smart-seq2,"Percentage of mitochondrial reads in each cell in the 416B dataset, compared to the total count (left) or the percentage of spike-in reads (right). Each point represents a cell and is colored according to whether that cell was discarded.",https://bioconductor.org/books/3.23/OSCA.workflows/lun-416b_files/figure-html/unref-416b-qc-comp-1.png,materials/raw/bioconductor_books/assets/OSCA/osca.workflows-lun-416b-cell-line-smart-seq2/unref-416b-qc-comp-1.png,exists
OSCA,osca.workflows-lun-416b-cell-line-smart-seq2,Relationship between the library size factors and the deconvolution size factors in the 416B dataset. Each cell is colored according to its oncogene induction status.,https://bioconductor.org/books/3.23/OSCA.workflows/lun-416b_files/figure-html/unref-416b-norm-1.png,materials/raw/bioconductor_books/assets/OSCA/osca.workflows-lun-416b-cell-line-smart-seq2/unref-416b-norm-1.png,exists
OSCA,osca.workflows-lun-416b-cell-line-smart-seq2,Per-gene variance as a function of the mean for the log-expression values in the 416B dataset. Each point represents a gene (black) with the mean-variance trend (blue) fitted to the spike-in transcripts (red). This was performed separately for each plate.,https://bioconductor.org/books/3.23/OSCA.workflows/lun-416b_files/figure-html/unref-416b-variance-1.png,materials/raw/bioconductor_books/assets/OSCA/osca.workflows-lun-416b-cell-line-smart-seq2/unref-416b-variance-1.png,exists
OSCA,osca.workflows-lun-416b-cell-line-smart-seq2,"Obligatory $t$-SNE plot of the 416B dataset, where each point represents a cell and is colored according to the assigned cluster.",https://bioconductor.org/books/3.23/OSCA.workflows/lun-416b_files/figure-html/unref-416b-tsne-1.png,materials/raw/bioconductor_books/assets/OSCA/osca.workflows-lun-416b-cell-line-smart-seq2/unref-416b-tsne-1.png,exists
OSCA,osca.workflows-lun-416b-cell-line-smart-seq2,Silhouette plot for the hierarchical clustering of the 416B dataset. Each bar represents the silhouette width for a cell and is colored according to the assigned cluster (if positive) or the closest cluster (if negative).,https://bioconductor.org/books/3.23/OSCA.workflows/lun-416b_files/figure-html/unref-416b-silhouette-1.png,materials/raw/bioconductor_books/assets/OSCA/osca.workflows-lun-416b-cell-line-smart-seq2/unref-416b-silhouette-1.png,exists
OSCA,osca.workflows-lun-416b-cell-line-smart-seq2,"Heatmap of the top marker genes for cluster 1 in the 416B dataset, stratified by cluster. The plate of origin and oncogene induction status are also shown for each cell.",https://bioconductor.org/books/3.23/OSCA.workflows/lun-416b_files/figure-html/unref-416b-markers-1.png,materials/raw/bioconductor_books/assets/OSCA/osca.workflows-lun-416b-cell-line-smart-seq2/unref-416b-markers-1.png,exists
OSCA,osca.basic,Bioconductor Sticker,https://github.com/Bioconductor/BiocStickers/raw/master/Bioconductor/Bioconductor-serial.gif,materials/raw/bioconductor_books/assets/OSCA/osca.basic/Bioconductor-serial.gif,failed
OSCA,osca,Bioconductor Sticker,https://raw.githubusercontent.com/Bioconductor/BiocStickers/devel/Bioconductor/Bioconductor-serial.gif,materials/raw/bioconductor_books/assets/OSCA/osca/Bioconductor-serial.gif,exists
OSCA,osca.workflows-zeisel-mouse-brain-strt-seq,Distribution of each QC metric across cells in the Zeisel brain dataset. Each point represents a cell and is colored according to whether that cell was discarded.,https://bioconductor.org/books/3.23/OSCA.workflows/zeisel-brain_files/figure-html/unref-zeisel-qc-dist-1.png,materials/raw/bioconductor_books/assets/OSCA/osca.workflows-zeisel-mouse-brain-strt-seq/unref-zeisel-qc-dist-1.png,exists
OSCA,osca.workflows-zeisel-mouse-brain-strt-seq,"Percentage of mitochondrial reads in each cell in the Zeisel brain dataset, compared to the total count (left) or the percentage of spike-in reads (right). Each point represents a cell and is colored according to whether that cell was discarded.",https://bioconductor.org/books/3.23/OSCA.workflows/zeisel-brain_files/figure-html/unref-zeisel-qc-comp-1.png,materials/raw/bioconductor_books/assets/OSCA/osca.workflows-zeisel-mouse-brain-strt-seq/unref-zeisel-qc-comp-1.png,exists
OSCA,osca.workflows-zeisel-mouse-brain-strt-seq,Relationship between the library size factors and the deconvolution size factors in the Zeisel brain dataset.,https://bioconductor.org/books/3.23/OSCA.workflows/zeisel-brain_files/figure-html/unref-zeisel-norm-1.png,materials/raw/bioconductor_books/assets/OSCA/osca.workflows-zeisel-mouse-brain-strt-seq/unref-zeisel-norm-1.png,exists
OSCA,osca.workflows-zeisel-mouse-brain-strt-seq,Per-gene variance as a function of the mean for the log-expression values in the Zeisel brain dataset. Each point represents a gene (black) with the mean-variance trend (blue) fitted to the spike-in transcripts (red).,https://bioconductor.org/books/3.23/OSCA.workflows/zeisel-brain_files/figure-html/unref-zeisel-var-1.png,materials/raw/bioconductor_books/assets/OSCA/osca.workflows-zeisel-mouse-brain-strt-seq/unref-zeisel-var-1.png,exists
OSCA,osca.workflows-zeisel-mouse-brain-strt-seq,"Obligatory $t$-SNE plot of the Zeisel brain dataset, where each point represents a cell and is colored according to the assigned cluster.",https://bioconductor.org/books/3.23/OSCA.workflows/zeisel-brain_files/figure-html/unref-zeisel-tsne-1.png,materials/raw/bioconductor_books/assets/OSCA/osca.workflows-zeisel-mouse-brain-strt-seq/unref-zeisel-tsne-1.png,exists
OSCA,osca.workflows-zeisel-mouse-brain-strt-seq,Heatmap of the log-expression of the top markers for cluster 1 compared to each other cluster. Cells are ordered by cluster and the color is scaled to the log-expression of each gene in each cell.,https://bioconductor.org/books/3.23/OSCA.workflows/zeisel-brain_files/figure-html/unref-zeisel-heat-cell-1.png,materials/raw/bioconductor_books/assets/OSCA/osca.workflows-zeisel-mouse-brain-strt-seq/unref-zeisel-heat-cell-1.png,exists
OSCA,osca.workflows-zeisel-mouse-brain-strt-seq,Heatmap of the log-fold changes of the top markers for cluster 1 compared to each other cluster.,https://bioconductor.org/books/3.23/OSCA.workflows/zeisel-brain_files/figure-html/unref-zeisel-heat-lfc-1.png,materials/raw/bioconductor_books/assets/OSCA/osca.workflows-zeisel-mouse-brain-strt-seq/unref-zeisel-heat-lfc-1.png,exists
OSCA,osca.basic-quality-control,"Distribution of QC metrics for each batch and phenotype in the 416B dataset. Each point represents a cell and is colored according to whether it was discarded, respectively.",https://bioconductor.org/books/3.23/OSCA.basic/quality-control_files/figure-html/qc-dist-416b-1.png,materials/raw/bioconductor_books/assets/OSCA/osca.basic-quality-control/qc-dist-416b-1.png,exists
OSCA,osca.basic-quality-control,"Percentage of UMIs assigned to mitochondrial transcripts in the Zeisel brain dataset, plotted against the total number of UMIs (top). Each point represents a cell and is colored according to whether it was considered low-quality and discarded.",https://bioconductor.org/books/3.23/OSCA.basic/quality-control_files/figure-html/qc-mito-zeisel-1.png,materials/raw/bioconductor_books/assets/OSCA/osca.basic-quality-control/qc-mito-zeisel-1.png,exists
OSCA,osca.basic-quality-control,"Percentage of UMIs assigned to mitochondrial transcripts in the Zeisel brain dataset, plotted against the percentage of UMIs assigned to spike-in transcripts (bottom). Each point represents a cell and is colored according to whether it was considered low-quality and discarded.",https://bioconductor.org/books/3.23/OSCA.basic/quality-control_files/figure-html/qc-mito-spike-zeisel-1.png,materials/raw/bioconductor_books/assets/OSCA/osca.basic-quality-control/qc-mito-spike-zeisel-1.png,exists
OSCA,osca,Bioconductor Sticker,https://raw.githubusercontent.com/Bioconductor/BiocStickers/devel/Bioconductor/Bioconductor-serial.gif,materials/raw/bioconductor_books/assets/OSCA/osca/Bioconductor-serial.gif,exists
OSCA,osca.multisample-ambient-problems,MA plots of the log-fold change of the proxy ambient profile over the real profile for each sample in the _Tal1_ chimera dataset.,https://bioconductor.org/books/3.23/OSCA.multisample/ambient-problems_files/figure-html/proxy-ambience-1.png,materials/raw/bioconductor_books/assets/OSCA/osca.multisample-ambient-problems/proxy-ambience-1.png,exists
OSCA,osca.workflows-segerstolpe-human-pancreas-smart-seq2,Distribution of each QC metric across cells from each donor of the Segerstolpe pancreas dataset. Each point represents a cell and is colored according to whether that cell was discarded.,https://bioconductor.org/books/3.23/OSCA.workflows/segerstolpe-pancreas_files/figure-html/unref-seger-qc-dist-1.png,materials/raw/bioconductor_books/assets/OSCA/osca.workflows-segerstolpe-human-pancreas-smart-seq2/unref-seger-qc-dist-1.png,exists
OSCA,osca.workflows-segerstolpe-human-pancreas-smart-seq2,Relationship between the library size factors and the deconvolution size factors in the Segerstolpe pancreas dataset.,https://bioconductor.org/books/3.23/OSCA.workflows/segerstolpe-pancreas_files/figure-html/unref-seger-norm-1.png,materials/raw/bioconductor_books/assets/OSCA/osca.workflows-segerstolpe-human-pancreas-smart-seq2/unref-seger-norm-1.png,exists
OSCA,osca.workflows-segerstolpe-human-pancreas-smart-seq2,Per-gene variance as a function of the mean for the log-expression values in the Grun pancreas dataset. Each point represents a gene (black) with the mean-variance trend (blue) fitted to the spike-in transcripts (red) separately for each donor.,https://bioconductor.org/books/3.23/OSCA.workflows/segerstolpe-pancreas_files/figure-html/unref-seger-variance-1.png,materials/raw/bioconductor_books/assets/OSCA/osca.workflows-segerstolpe-human-pancreas-smart-seq2/unref-seger-variance-1.png,exists
OSCA,osca.workflows-segerstolpe-human-pancreas-smart-seq2,Heatmap of the frequency of cells from each donor in each cluster.,https://bioconductor.org/books/3.23/OSCA.workflows/segerstolpe-pancreas_files/figure-html/unref-seger-heat-1-1.png,materials/raw/bioconductor_books/assets/OSCA/osca.workflows-segerstolpe-human-pancreas-smart-seq2/unref-seger-heat-1-1.png,exists
OSCA,osca.workflows-segerstolpe-human-pancreas-smart-seq2,Obligatory $t$-SNE plots of the Segerstolpe pancreas dataset. Each point represents a cell that is colored by cluster (left) or batch (right).,https://bioconductor.org/books/3.23/OSCA.workflows/segerstolpe-pancreas_files/figure-html/unref-seger-tsne-1.png,materials/raw/bioconductor_books/assets/OSCA/osca.workflows-segerstolpe-human-pancreas-smart-seq2/unref-seger-tsne-1.png,exists
OSCA,osca.workflows-segerstolpe-human-pancreas-smart-seq2,"Yet another $t$-SNE plot of the Segerstolpe dataset, this time after batch correction across donors. Each point represents a cell and is colored by the assigned cluster identity.",https://bioconductor.org/books/3.23/OSCA.workflows/segerstolpe-pancreas_files/figure-html/unref-seger-tsne-correct-1.png,materials/raw/bioconductor_books/assets/OSCA/osca.workflows-segerstolpe-human-pancreas-smart-seq2/unref-seger-tsne-correct-1.png,exists
OSCA,osca.workflows-segerstolpe-human-pancreas-smart-seq2,MA plots for the beta cell pseudo-bulk profiles. Each MA plot is generated by comparing the corresponding pseudo-bulk profile against the average of all other profiles,https://bioconductor.org/books/3.23/OSCA.workflows/segerstolpe-pancreas_files/figure-html/unref-ma-plots-1.png,materials/raw/bioconductor_books/assets/OSCA/osca.workflows-segerstolpe-human-pancreas-smart-seq2/unref-ma-plots-1.png,exists
OSCA,osca.workflows-segerstolpe-human-pancreas-smart-seq2,"Diagnostic plots for `voom` after estimating observation and quality weights from the beta cell pseudo-bulk profiles. The left plot shows the mean-variance trend used to estimate the observation weights, while the right plot shows the per-sample quality weights.",https://bioconductor.org/books/3.23/OSCA.workflows/segerstolpe-pancreas_files/figure-html/unref-voom-plots-1.png,materials/raw/bioconductor_books/assets/OSCA/osca.workflows-segerstolpe-human-pancreas-smart-seq2/unref-voom-plots-1.png,exists
OSCA,osca.basic-feature-selection,Variance in the PBMC data set as a function of the mean. Each point represents a gene while the blue line represents the trend fitted to all genes.,https://bioconductor.org/books/3.23/OSCA.basic/feature-selection_files/figure-html/trend-plot-pbmc-1.png,materials/raw/bioconductor_books/assets/OSCA/osca.basic-feature-selection/trend-plot-pbmc-1.png,exists
OSCA,osca.basic-feature-selection,Variance in the 416B data set as a function of the mean. Each point represents a gene (black) or spike-in transcript (red) and the blue line represents the trend fitted to all spike-ins.,https://bioconductor.org/books/3.23/OSCA.basic/feature-selection_files/figure-html/spike-416b-1.png,materials/raw/bioconductor_books/assets/OSCA/osca.basic-feature-selection/spike-416b-1.png,exists
OSCA,osca.basic-feature-selection,"Variance of normalized log-expression values for each gene in the PBMC dataset, plotted against the mean log-expression. The blue line represents represents the mean-variance relationship corresponding to Poisson noise.",https://bioconductor.org/books/3.23/OSCA.basic/feature-selection_files/figure-html/tech-pbmc-1.png,materials/raw/bioconductor_books/assets/OSCA/osca.basic-feature-selection/tech-pbmc-1.png,exists
OSCA,osca.basic-feature-selection,"Variance in the 416B data set as a function of the mean after blocking on the plate of origin. Each plot represents the results for a single plate, each point represents a gene (black) or spike-in transcript (red) and the blue line represents the trend fitted to all spike-ins.",https://bioconductor.org/books/3.23/OSCA.basic/feature-selection_files/figure-html/blocked-fit-1.png,materials/raw/bioconductor_books/assets/OSCA/osca.basic-feature-selection/blocked-fit-1.png,exists
OSCA,osca.multisample-multi-sample-comparisons,"$t$-SNE plot of the WT chimeric dataset, where each point represents a cell and is colored according to td-Tomato expression (left) or batch of origin (right). Cluster numbers are superimposed based on the median coordinate of cells assigned to that cluster.",https://bioconductor.org/books/3.23/OSCA.multisample/pseudobulk-dge_files/figure-html/tsne-initial-1.png,materials/raw/bioconductor_books/assets/OSCA/osca.multisample-multi-sample-comparisons/tsne-initial-1.png,exists
OSCA,osca.multisample-multi-sample-comparisons,Heatmap showing the abundance of cells with each combination of cluster (row) and cell type label (column). The color scale represents the log~2~-count for each combination.,https://bioconductor.org/books/3.23/OSCA.multisample/pseudobulk-dge_files/figure-html/heat-cluster-label-1.png,materials/raw/bioconductor_books/assets/OSCA/osca.multisample-multi-sample-comparisons/heat-cluster-label-1.png,exists
OSCA,osca.multisample-multi-sample-comparisons,Mean-difference plots of the normalized expression values for each pseudo-bulk sample against the average of all other samples.,https://bioconductor.org/books/3.23/OSCA.multisample/pseudobulk-dge_files/figure-html/md-embryo-1.png,materials/raw/bioconductor_books/assets/OSCA/osca.multisample-multi-sample-comparisons/md-embryo-1.png,exists
OSCA,osca.multisample-multi-sample-comparisons,"MDS plot of the pseudo-bulk log-normalized CPMs, where each point represents a sample and is colored by the tomato status.",https://bioconductor.org/books/3.23/OSCA.multisample/pseudobulk-dge_files/figure-html/mds-embryo-1.png,materials/raw/bioconductor_books/assets/OSCA/osca.multisample-multi-sample-comparisons/mds-embryo-1.png,exists
OSCA,osca.multisample-multi-sample-comparisons,"Biological coefficient of variation (BCV) for each gene as a function of the average abundance. The BCV is computed as the square root of the NB dispersion after empirical Bayes shrinkage towards the trend. Trended and common BCV estimates are shown in blue and red, respectively.",https://bioconductor.org/books/3.23/OSCA.multisample/pseudobulk-dge_files/figure-html/bcvplot-1.png,materials/raw/bioconductor_books/assets/OSCA/osca.multisample-multi-sample-comparisons/bcvplot-1.png,exists
OSCA,osca.multisample-multi-sample-comparisons,QL dispersion estimates for each gene as a function of abundance. Raw estimates (black) are shrunk towards the trend (blue) to yield squeezed estimates (red).,https://bioconductor.org/books/3.23/OSCA.multisample/pseudobulk-dge_files/figure-html/qlplot-1.png,materials/raw/bioconductor_books/assets/OSCA/osca.multisample-multi-sample-comparisons/qlplot-1.png,exists
OSCA,osca.multisample-multi-sample-comparisons,"Biological coefficient of variation (BCV) for each gene as a function of the average abundance for the allantois pseudo-bulk analysis. Trended and common BCV estimates are shown in blue and red, respectively.",https://bioconductor.org/books/3.23/OSCA.multisample/pseudobulk-dge_files/figure-html/allantois-dispersion-1.png,materials/raw/bioconductor_books/assets/OSCA/osca.multisample-multi-sample-comparisons/allantois-dispersion-1.png,exists
OSCA,osca.multisample-multi-sample-comparisons,Distribution of summed log-expression values for _Rbp4_ in each label of the chimeric embryo dataset. Each facet represents a label with distributions stratified by injection status.,https://bioconductor.org/books/3.23/OSCA.multisample/pseudobulk-dge_files/figure-html/exprs-unique-de-allantois-1.png,materials/raw/bioconductor_books/assets/OSCA/osca.multisample-multi-sample-comparisons/exprs-unique-de-allantois-1.png,exists
OSCA,osca.multisample-multi-sample-comparisons,Distribution of summed log-expression values for each label in the chimeric embryo dataset. Each facet represents a label with distributions stratified by injection status.,https://bioconductor.org/books/3.23/OSCA.multisample/pseudobulk-dge_files/figure-html/exprs-unique-de-allantois-more-1.png,materials/raw/bioconductor_books/assets/OSCA/osca.multisample-multi-sample-comparisons/exprs-unique-de-allantois-more-1.png,exists
OSCA,osca.multisample-multi-sample-comparisons,Distribution of the log-expression values for the top DEGs between the neural crest and notochord. Each point represents a pseudo-bulk profile and is colored by the sample of origin.,https://bioconductor.org/books/3.23/OSCA.multisample/pseudobulk-dge_files/figure-html/between-label-dge-1.png,materials/raw/bioconductor_books/assets/OSCA/osca.multisample-multi-sample-comparisons/between-label-dge-1.png,exists
OSCA,osca.basic-clustering,"$t$-SNE plot of the 10X PBMC dataset, where each point represents a cell and is coloured according to the identity of the assigned cluster from graph-based clustering.",https://bioconductor.org/books/3.23/OSCA.basic/clustering_files/figure-html/tsne-clust-graph-1.png,materials/raw/bioconductor_books/assets/OSCA/osca.basic-clustering/tsne-clust-graph-1.png,exists
OSCA,osca.basic-clustering,Force-directed layout for the shared nearest-neighbor graph of the PBMC dataset. Each point represents a cell and is coloured according to its assigned cluster identity.,https://bioconductor.org/books/3.23/OSCA.basic/clustering_files/figure-html/pbmc-force-1.png,materials/raw/bioconductor_books/assets/OSCA/osca.basic-clustering/pbmc-force-1.png,exists
OSCA,osca.basic-clustering,"Number of cells assigned to combinations of cluster labels with different community detection algorithms in the PBMC dataset. Each entry of each heatmap represents a pair of labels, coloured proportionally to the log-number of cells with those labels.",https://bioconductor.org/books/3.23/OSCA.basic/clustering_files/figure-html/walktrap-v-others-1.png,materials/raw/bioconductor_books/assets/OSCA/osca.basic-clustering/walktrap-v-others-1.png,exists
OSCA,osca.basic-clustering,"$t$-SNE plot of the 10X PBMC dataset, where each point represents a cell and is coloured according to the identity of the assigned cluster from $k$-means clustering.",https://bioconductor.org/books/3.23/OSCA.basic/clustering_files/figure-html/tsne-clust-kmeans-1.png,materials/raw/bioconductor_books/assets/OSCA/osca.basic-clustering/tsne-clust-kmeans-1.png,exists
OSCA,osca.basic-clustering,"$t$-SNE plot of the 10X PBMC dataset, where each point represents a cell and is coloured according to the identity of the assigned cluster from $k$-means clustering with $k=20$.",https://bioconductor.org/books/3.23/OSCA.basic/clustering_files/figure-html/tsne-clust-kmeans-best-1.png,materials/raw/bioconductor_books/assets/OSCA/osca.basic-clustering/tsne-clust-kmeans-best-1.png,exists
OSCA,osca.basic-clustering,"$t$-SNE plot of the PBMC dataset, where each point represents a cell and is coloured according to the identity of the assigned cluster from combined $k$-means/graph-based clustering.",https://bioconductor.org/books/3.23/OSCA.basic/clustering_files/figure-html/tsne-kmeans-graph-pbmc-1.png,materials/raw/bioconductor_books/assets/OSCA/osca.basic-clustering/tsne-kmeans-graph-pbmc-1.png,exists
OSCA,osca.basic-clustering,"Hierarchy of cells in the 416B data set after hierarchical clustering, where each leaf node is a cell that is coloured according to its oncogene induction status (red is induced, blue is control) and plate of origin (light or dark).",https://bioconductor.org/books/3.23/OSCA.basic/clustering_files/figure-html/dend-416b-1.png,materials/raw/bioconductor_books/assets/OSCA/osca.basic-clustering/dend-416b-1.png,exists
OSCA,osca.basic-clustering,"Hierarchy of cells in the 416B data set after hierarchical clustering, where each leaf node is a cell that is coloured according to its assigned cluster identity from a dynamic tree cut.",https://bioconductor.org/books/3.23/OSCA.basic/clustering_files/figure-html/dend-cluster-1.png,materials/raw/bioconductor_books/assets/OSCA/osca.basic-clustering/dend-cluster-1.png,exists
OSCA,osca.basic-clustering,"$t$-SNE plot of the 416B dataset, where each point represents a cell and is coloured according to the identity of the assigned cluster from hierarchical clustering.",https://bioconductor.org/books/3.23/OSCA.basic/clustering_files/figure-html/tsne-416b-1.png,materials/raw/bioconductor_books/assets/OSCA/osca.basic-clustering/tsne-416b-1.png,exists
OSCA,osca.basic-clustering,"$t$-SNE plot of the PBMC dataset, where each point represents a cell and is coloured according to the identity of the assigned cluster from combined $k$-means/hierarchical clustering.",https://bioconductor.org/books/3.23/OSCA.basic/clustering_files/figure-html/tsne-kmeans-hclust-pbmc-1.png,materials/raw/bioconductor_books/assets/OSCA/osca.basic-clustering/tsne-kmeans-hclust-pbmc-1.png,exists
OSCA,osca.basic-clustering,Dendrogram of the $k$-mean centroids after hierarchical clustering in the PBMC dataset. Each leaf node represents a representative cluster of cells generated by $k$-mean clustering.,https://bioconductor.org/books/3.23/OSCA.basic/clustering_files/figure-html/dendroid-pbmc-1.png,materials/raw/bioconductor_books/assets/OSCA/osca.basic-clustering/dendroid-pbmc-1.png,exists
OSCA,osca.basic-clustering,"$t$-SNE plot of the PBMC dataset, where each point represents a cell and is coloured according to the identity of the assigned cluster from combined $k$-means/affinity propagation clustering.",https://bioconductor.org/books/3.23/OSCA.basic/clustering_files/figure-html/tsne-kmeans-affinity-pbmc-1.png,materials/raw/bioconductor_books/assets/OSCA/osca.basic-clustering/tsne-kmeans-affinity-pbmc-1.png,exists
OSCA,osca.basic-clustering,Distribution of log-normalized expression values for several T cell markers within each cluster in the 10X PBMC dataset. Each cluster is color-coded for convenience.,https://bioconductor.org/books/3.23/OSCA.basic/clustering_files/figure-html/ccr7-dist-memory-1.png,materials/raw/bioconductor_books/assets/OSCA/osca.basic-clustering/ccr7-dist-memory-1.png,exists
OSCA,osca.basic-clustering,Distribution of _CD4_ and _CD8A_ log-normalized expression values within each cluster in the memory T cell subset of the 10X PBMC dataset.,https://bioconductor.org/books/3.23/OSCA.basic/clustering_files/figure-html/cd48-memory-expression-1.png,materials/raw/bioconductor_books/assets/OSCA/osca.basic-clustering/cd48-memory-expression-1.png,exists
OSCA,osca.workflows,Bioconductor Sticker,https://github.com/Bioconductor/BiocStickers/raw/master/Bioconductor/Bioconductor-serial.gif,materials/raw/bioconductor_books/assets/OSCA/osca.workflows/Bioconductor-serial.gif,failed
OSCA,osca.basic-normalization,Distribution of size factors derived from the library size in the Zeisel brain dataset.,https://bioconductor.org/books/3.23/OSCA.basic/normalization_files/figure-html/histlib-1.png,materials/raw/bioconductor_books/assets/OSCA/osca.basic-normalization/histlib-1.png,exists
OSCA,osca.basic-normalization,"Deconvolution size factor for each cell in the Zeisel brain dataset, compared to the equivalent size factor derived from the library size. The red line corresponds to identity between the two size factors.",https://bioconductor.org/books/3.23/OSCA.basic/normalization_files/figure-html/deconv-zeisel-1.png,materials/raw/bioconductor_books/assets/OSCA/osca.basic-normalization/deconv-zeisel-1.png,exists
OSCA,osca.basic-normalization,"Size factors from spike-in normalization, plotted against the library size factors for all cells in the T cell dataset. Each plot represents a different ligand treatment and each point is a cell coloured according by time from stimulation.",https://bioconductor.org/books/3.23/OSCA.basic/normalization_files/figure-html/norm-spike-t-1.png,materials/raw/bioconductor_books/assets/OSCA/osca.basic-normalization/norm-spike-t-1.png,exists
OSCA,osca.basic-normalization,Distribution of log-normalized expression values for _Malat1_ after normalization with the deconvolution size factors (left) or spike-in size factors (right). Cells are stratified by the ligand affinity and colored by the time after stimulation.,https://bioconductor.org/books/3.23/OSCA.basic/normalization_files/figure-html/norm-effect-malat-1.png,materials/raw/bioconductor_books/assets/OSCA/osca.basic-normalization/norm-effect-malat-1.png,exists
OSCA,osca.intro-analysis-overview,"Schematic of a typical scRNA-seq analysis workflow. Each stage (separated by dashed lines) consists of a number of specific steps, many of which operate on and modify a `SingleCellExperiment` instance.",https://bioconductor.org/books/3.23/OSCA.intro/images/workflow.png,materials/raw/bioconductor_books/assets/OSCA/osca.intro-analysis-overview/workflow.png,exists
OSCA,osca.intro-analysis-overview,"UMAP plot of the retina dataset, where each point is a cell and is colored by the assigned cluster identity.",https://bioconductor.org/books/3.23/OSCA.intro/analysis-overview_files/figure-html/quick-start-umap-1.png,materials/raw/bioconductor_books/assets/OSCA/osca.intro-analysis-overview/quick-start-umap-1.png,exists
OSCA,osca.intro-analysis-overview,"UMAP plot of the pancreas dataset, where each point is a cell and is colored by the assigned cluster identity (left) or the individual of origin (right).",https://bioconductor.org/books/3.23/OSCA.intro/analysis-overview_files/figure-html/quick-start2-umap-1.png,materials/raw/bioconductor_books/assets/OSCA/osca.intro-analysis-overview/quick-start2-umap-1.png,exists
OSCA,osca.multisample-integrating-datasets,$t$-SNE plot of the PBMC datasets after MNN correction with `quickCorrect()`. Each point is a cell that is colored according to its batch of origin.,https://bioconductor.org/books/3.23/OSCA.multisample/batch-correction_files/figure-html/quick-pbmc-corrected-1.png,materials/raw/bioconductor_books/assets/OSCA/osca.multisample-integrating-datasets/quick-pbmc-corrected-1.png,exists
OSCA,osca.multisample-integrating-datasets,$t$-SNE plot of the PBMC datasets without any batch correction. Each point is a cell that is colored according to its batch of origin.,https://bioconductor.org/books/3.23/OSCA.multisample/batch-correction_files/figure-html/tsne-pbmc-uncorrected-1.png,materials/raw/bioconductor_books/assets/OSCA/osca.multisample-integrating-datasets/tsne-pbmc-uncorrected-1.png,exists
OSCA,osca.multisample-integrating-datasets,$t$-SNE plot of the PBMC datasets after correction with `rescaleBatches()`. Each point represents a cell and is colored according to the batch of origin.,https://bioconductor.org/books/3.23/OSCA.multisample/batch-correction_files/figure-html/tsne-pbmc-rescaled-1.png,materials/raw/bioconductor_books/assets/OSCA/osca.multisample-integrating-datasets/tsne-pbmc-rescaled-1.png,exists
OSCA,osca.multisample-integrating-datasets,$t$-SNE plot of the PBMC datasets after correction with `regressBatches()`. Each point represents a cell and is colored according to the batch of origin.,https://bioconductor.org/books/3.23/OSCA.multisample/batch-correction_files/figure-html/tsne-pbmc-residuals-1.png,materials/raw/bioconductor_books/assets/OSCA/osca.multisample-integrating-datasets/tsne-pbmc-residuals-1.png,exists
OSCA,osca.multisample-integrating-datasets,$t$-SNE plot of the PBMC datasets after MNN correction with `fastMNN()`. Each point is a cell that is colored according to its batch of origin.,https://bioconductor.org/books/3.23/OSCA.multisample/batch-correction_files/figure-html/tsne-pbmc-corrected-1.png,materials/raw/bioconductor_books/assets/OSCA/osca.multisample-integrating-datasets/tsne-pbmc-corrected-1.png,exists
OSCA,osca.multisample-integrating-datasets,Yet another $t$-SNE plot of the PBMC datasets after MNN correction. Each point is a cell that is colored according to its batch of origin.,https://bioconductor.org/books/3.23/OSCA.multisample/batch-correction_files/figure-html/multi-pbmc-corrected-1.png,materials/raw/bioconductor_books/assets/OSCA/osca.multisample-integrating-datasets/multi-pbmc-corrected-1.png,exists
OSCA,osca.workflows-messmer-hesc,Distribution of QC metrics across batches (x-axis) and phenotypes (facets) for cells in the Messmer hESC dataset. Each point is a cell and is colored by whether it was discarded.,https://bioconductor.org/books/3.23/OSCA.workflows/messmer-hesc_files/figure-html/unref-messmer-hesc-qc-1.png,materials/raw/bioconductor_books/assets/OSCA/osca.workflows-messmer-hesc/unref-messmer-hesc-qc-1.png,exists
OSCA,osca.workflows-messmer-hesc,Deconvolution size factors plotted against the library size (left) and spike-in size factors plotted against the deconvolution size factors (right). Each point is a cell and is colored by its phenotype.,https://bioconductor.org/books/3.23/OSCA.workflows/messmer-hesc_files/figure-html/unref-messmer-hesc-norm-1.png,materials/raw/bioconductor_books/assets/OSCA/osca.workflows-messmer-hesc/unref-messmer-hesc-norm-1.png,exists
OSCA,osca.workflows-messmer-hesc,G1 `cyclone()` phase scores against the G2/M phase scores for each cell in the Messmer hESC dataset.,https://bioconductor.org/books/3.23/OSCA.workflows/messmer-hesc_files/figure-html/unref-messmer-hesc-cyclone-1.png,materials/raw/bioconductor_books/assets/OSCA/osca.workflows-messmer-hesc/unref-messmer-hesc-cyclone-1.png,exists
OSCA,osca.workflows-messmer-hesc,"Per-gene variance of the log-normalized expression values in the Messmer hESC dataset, plotted against the mean for each batch. Each point represents a gene with spike-ins shown in red and the fitted trend shown in blue.",https://bioconductor.org/books/3.23/OSCA.workflows/messmer-hesc_files/figure-html/unref-messmer-hesc-var-1.png,materials/raw/bioconductor_books/assets/OSCA/osca.workflows-messmer-hesc/unref-messmer-hesc-var-1.png,exists
OSCA,osca.workflows-messmer-hesc,"Obligatory $t$-SNE plots of the Messmer hESC dataset, where each point is a cell and is colored by various attributes.",https://bioconductor.org/books/3.23/OSCA.workflows/messmer-hesc_files/figure-html/unref-messmer-hesc-tsne-1.png,materials/raw/bioconductor_books/assets/OSCA/osca.workflows-messmer-hesc/unref-messmer-hesc-tsne-1.png,exists
OSCA,osca.workflows-messmer-hesc,"More $t$-SNE plots of the Messmer hESC dataset after cPCA and scPCA, where each point is a cell and is colored by its assigned cell cycle phase.",https://bioconductor.org/books/3.23/OSCA.workflows/messmer-hesc_files/figure-html/unref-messmer-hesc-cpca-tsne-1.png,materials/raw/bioconductor_books/assets/OSCA/osca.workflows-messmer-hesc/unref-messmer-hesc-cpca-tsne-1.png,exists
OSCA,osca.basic-cell-type-annotation,"Heatmap of the assignment score for each cell (column) and label (row). Scores are shown before any fine-tuning and are normalized to [0, 1] within each cell.",https://bioconductor.org/books/3.23/OSCA.basic/cell-annotation_files/figure-html/singler-heat-pbmc-1.png,materials/raw/bioconductor_books/assets/OSCA/osca.basic-cell-type-annotation/singler-heat-pbmc-1.png,exists
OSCA,osca.basic-cell-type-annotation,Heatmap of the distribution of cells across labels and clusters in the 10X PBMC dataset. Color scale is reported in the log~10~-number of cells for each cluster-label combination.,https://bioconductor.org/books/3.23/OSCA.basic/cell-annotation_files/figure-html/singler-cluster-1.png,materials/raw/bioconductor_books/assets/OSCA/osca.basic-cell-type-annotation/singler-cluster-1.png,exists
OSCA,osca.basic-cell-type-annotation,Heatmap of the confusion matrix between the predicted labels (rows) and the independently defined labels (columns) in the Segerstolpe dataset. The color is proportinal to the log-transformed number of cells with a given combination of labels from each set.,https://bioconductor.org/books/3.23/OSCA.basic/cell-annotation_files/figure-html/singler-comp-pancreas-1.png,materials/raw/bioconductor_books/assets/OSCA/osca.basic-cell-type-annotation/singler-comp-pancreas-1.png,exists
OSCA,osca.basic-cell-type-annotation,"Distribution of AUCs in the Tasic brain dataset for each label in the Zeisel dataset. The blue curve represents the density estimate, the red curve represents a fitted two-component mixture of normals, the pink curve represents a fitted three-component mixture, and the grey curve represents a fitted normal distribution. Vertical lines represent threshold estimates corresponding to each estimate of the distribution.",https://bioconductor.org/books/3.23/OSCA.basic/cell-annotation_files/figure-html/auc-dist-1.png,materials/raw/bioconductor_books/assets/OSCA/osca.basic-cell-type-annotation/auc-dist-1.png,exists
OSCA,osca.basic-cell-type-annotation,Heatmaps of the log-number of cells with each combination of known labels (columns) and assigned MSigDB signatures (rows) in the Muraro data set. The signature assigned to each cell was defined as that with the highest AUC across all (top) or all pancreas-related signatures (bottom).,https://bioconductor.org/books/3.23/OSCA.basic/cell-annotation_files/figure-html/aucell-muraro-heat-1.png,materials/raw/bioconductor_books/assets/OSCA/osca.basic-cell-type-annotation/aucell-muraro-heat-1.png,exists
OSCA,osca.basic-cell-type-annotation,Distribution of log-expression values for _Csn2_ and _Csn3_ in each cluster.,https://bioconductor.org/books/3.23/OSCA.basic/cell-annotation_files/figure-html/violin-milk-1.png,materials/raw/bioconductor_books/assets/OSCA/osca.basic-cell-type-annotation/violin-milk-1.png,exists
OSCA,osca.basic-cell-type-annotation,"Distribution of average log-normalized expression for genes involved in the triglyceride metabolic process, for all cells in each cluster of the mammary gland dataset.",https://bioconductor.org/books/3.23/OSCA.basic/cell-annotation_files/figure-html/lipid-synth-violin-1.png,materials/raw/bioconductor_books/assets/OSCA/osca.basic-cell-type-annotation/lipid-synth-violin-1.png,exists
OSCA,osca.basic-cell-type-annotation,Distribution of log-normalized expression values for _Dbi_ across all cells in each cluster of the mammary gland dataset.,https://bioconductor.org/books/3.23/OSCA.basic/cell-annotation_files/figure-html/dbi-violin-1.png,materials/raw/bioconductor_books/assets/OSCA/osca.basic-cell-type-annotation/dbi-violin-1.png,exists
OSCA,osca.intro-learning-r,,https://bioconductor.org/books/3.23/OSCA.intro/learning-r_files/figure-html/unnamed-chunk-3-1.png,materials/raw/bioconductor_books/assets/OSCA/osca.intro-learning-r/unnamed-chunk-3-1.png,exists
OSCA,osca,Bioconductor Sticker,https://raw.githubusercontent.com/Bioconductor/BiocStickers/devel/Bioconductor/Bioconductor-serial.gif,materials/raw/bioconductor_books/assets/OSCA/osca/Bioconductor-serial.gif,exists
OSCA,osca.multisample-human-pbmcs-10x-genomics,"Percentage of mitochondrial reads in each cell in each of the 10X PBMC datasets, compared to the total count. Each point represents a cell and is colored according to whether that cell was discarded.",https://bioconductor.org/books/3.23/OSCA.multisample/tenx-filtered-pbmc3k-4k-8k_files/figure-html/unref-pbmc-filtered-var-1.png,materials/raw/bioconductor_books/assets/OSCA/osca.multisample-human-pbmcs-10x-genomics/unref-pbmc-filtered-var-1.png,exists
OSCA,osca.multisample-human-pbmcs-10x-genomics,Per-gene variance as a function of the mean for the log-expression values in each PBMC dataset. Each point represents a gene (black) with the mean-variance trend (blue) fitted to the variances.,https://bioconductor.org/books/3.23/OSCA.multisample/tenx-filtered-pbmc3k-4k-8k_files/figure-html/unref-filtered-pbmc-variance-1.png,materials/raw/bioconductor_books/assets/OSCA/osca.multisample-human-pbmcs-10x-genomics/unref-filtered-pbmc-variance-1.png,exists
OSCA,osca.multisample-human-pbmcs-10x-genomics,"Obligatory $t$-SNE plots of each PBMC dataset, where each point represents a cell in the corresponding dataset and is colored according to the assigned cluster.",https://bioconductor.org/books/3.23/OSCA.multisample/tenx-filtered-pbmc3k-4k-8k_files/figure-html/unref-filtered-pbmc-tsne-1.png,materials/raw/bioconductor_books/assets/OSCA/osca.multisample-human-pbmcs-10x-genomics/unref-filtered-pbmc-tsne-1.png,exists
OSCA,osca.multisample-human-pbmcs-10x-genomics,"Obligatory $t$-SNE plots for the merged PBMC datasets, where each point represents a cell and is colored by cluster (top) or batch (bottom).",https://bioconductor.org/books/3.23/OSCA.multisample/tenx-filtered-pbmc3k-4k-8k_files/figure-html/unref-filtered-pbmc-merged-tsne-1.png,materials/raw/bioconductor_books/assets/OSCA/osca.multisample-human-pbmcs-10x-genomics/unref-filtered-pbmc-merged-tsne-1.png,exists
OSCA,osca.workflows-paul-mouse-hsc-mars-seq,Distribution of each QC metric across cells in the Paul HSC dataset. Each point represents a cell and is colored according to whether that cell was discarded.,https://bioconductor.org/books/3.23/OSCA.workflows/paul-hsc_files/figure-html/unref-paul-qc-dist-1.png,materials/raw/bioconductor_books/assets/OSCA/osca.workflows-paul-mouse-hsc-mars-seq/unref-paul-qc-dist-1.png,exists
OSCA,osca.workflows-paul-mouse-hsc-mars-seq,Relationship between the library size factors and the deconvolution size factors in the Paul HSC dataset.,https://bioconductor.org/books/3.23/OSCA.workflows/paul-hsc_files/figure-html/unref-paul-norm-1.png,materials/raw/bioconductor_books/assets/OSCA/osca.workflows-paul-mouse-hsc-mars-seq/unref-paul-norm-1.png,exists
OSCA,osca.workflows-paul-mouse-hsc-mars-seq,Per-gene variance as a function of the mean for the log-expression values in the Paul HSC dataset. Each point represents a gene (black) with the mean-variance trend (blue) fitted to simulated Poisson noise.,https://bioconductor.org/books/3.23/OSCA.workflows/paul-hsc_files/figure-html/unref-paul-var-1.png,materials/raw/bioconductor_books/assets/OSCA/osca.workflows-paul-mouse-hsc-mars-seq/unref-paul-var-1.png,exists
OSCA,osca.workflows-paul-mouse-hsc-mars-seq,Heatmap of the distribution of cells across clusters (rows) for each experimental treatment (column).,https://bioconductor.org/books/3.23/OSCA.workflows/paul-hsc_files/figure-html/unref-paul-heat-1.png,materials/raw/bioconductor_books/assets/OSCA/osca.workflows-paul-mouse-hsc-mars-seq/unref-paul-heat-1.png,exists
OSCA,osca.workflows-paul-mouse-hsc-mars-seq,"Obligatory $t$-SNE plot of the Paul HSC dataset, where each point represents a cell and is colored according to the assigned cluster.",https://bioconductor.org/books/3.23/OSCA.workflows/paul-hsc_files/figure-html/unref-paul-tsne-1.png,materials/raw/bioconductor_books/assets/OSCA/osca.workflows-paul-mouse-hsc-mars-seq/unref-paul-tsne-1.png,exists
OSCA,osca.workflows-paul-mouse-hsc-mars-seq,"Obligatory $t$-SNE plot of the Paul HSC dataset faceted by the treatment condition, where each point represents a cell and is colored according to the assigned cluster.",https://bioconductor.org/books/3.23/OSCA.workflows/paul-hsc_files/figure-html/unref-paul-tsne2-1.png,materials/raw/bioconductor_books/assets/OSCA/osca.workflows-paul-mouse-hsc-mars-seq/unref-paul-tsne2-1.png,exists
OSCA,osca.multisample-merged-hsc,"Obligatory UMAP plot of the merged HSC datasets, where each point represents a cell and is colored by the batch of origin (left) or its assigned cluster (right).",https://bioconductor.org/books/3.23/OSCA.multisample/merged-hsc_files/figure-html/unref-umap-merged-hsc-1.png,materials/raw/bioconductor_books/assets/OSCA/osca.multisample-merged-hsc/unref-umap-merged-hsc-1.png,exists
OSCA,osca.multisample-merged-hsc,"Another UMAP plot of the merged HSC datasets, where each point represents a cell and is colored by its _TSCAN_ pseudotime. The lines correspond to the edges of the MST across cluster centers.",https://bioconductor.org/books/3.23/OSCA.multisample/merged-hsc_files/figure-html/unref-umap-traj-hsc-1.png,materials/raw/bioconductor_books/assets/OSCA/osca.multisample-merged-hsc/unref-umap-traj-hsc-1.png,exists
OSCA,osca.multisample-merged-hsc,"Yet another UMAP plot of the merged HSC datasets, where each point represents a cell and is colored by its _TSCAN_ pseudotime. The lines correspond to the edges of the MST across cluster centers.",https://bioconductor.org/books/3.23/OSCA.multisample/merged-hsc_files/figure-html/unref-umap-traj-hsc2-1.png,materials/raw/bioconductor_books/assets/OSCA/osca.multisample-merged-hsc/unref-umap-traj-hsc2-1.png,exists
OSCA,osca.workflows-human-pbmc-with-surface-proteins-10x-genomics,"Distribution of each QC metric in the PBMC dataset, where each point is a cell and is colored by whether or not it was discarded by the outlier-based QC approach.",https://bioconductor.org/books/3.23/OSCA.workflows/tenx-repertoire-pbmc8k_files/figure-html/unref-pbmc-adt-qc-1.png,materials/raw/bioconductor_books/assets/OSCA/osca.workflows-human-pbmc-with-surface-proteins-10x-genomics/unref-pbmc-adt-qc-1.png,exists
OSCA,osca.workflows-human-pbmc-with-surface-proteins-10x-genomics,Percentage of UMIs mapped to mitochondrial genes against the totalcount for each cell.,https://bioconductor.org/books/3.23/OSCA.workflows/tenx-repertoire-pbmc8k_files/figure-html/unref-pbmc-adt-qc-mito-1.png,materials/raw/bioconductor_books/assets/OSCA/osca.workflows-human-pbmc-with-surface-proteins-10x-genomics/unref-pbmc-adt-qc-mito-1.png,exists
OSCA,osca.workflows-human-pbmc-with-surface-proteins-10x-genomics,Plot of the deconvolution size factors for the gene expression values (left) or the median-based size factors for the ADT expression values (right) compared to the library size-derived factors for the corresponding set of features. Each point represents a cell.,https://bioconductor.org/books/3.23/OSCA.workflows/tenx-repertoire-pbmc8k_files/figure-html/unref-norm-pbmc-adt-1.png,materials/raw/bioconductor_books/assets/OSCA/osca.workflows-human-pbmc-with-surface-proteins-10x-genomics/unref-norm-pbmc-adt-1.png,exists
OSCA,osca.workflows-human-pbmc-with-surface-proteins-10x-genomics,"Heatmap of the pairwise cluster modularity scores in the PBMC dataset, computed based on the shared nearest neighbor graph derived from the ADT expression values.",https://bioconductor.org/books/3.23/OSCA.workflows/tenx-repertoire-pbmc8k_files/figure-html/unref-clustmod-pbmc-adt-1.png,materials/raw/bioconductor_books/assets/OSCA/osca.workflows-human-pbmc-with-surface-proteins-10x-genomics/unref-clustmod-pbmc-adt-1.png,exists
OSCA,osca.workflows-human-pbmc-with-surface-proteins-10x-genomics,"Obligatory $t$-SNE plot of PBMC dataset based on its ADT expression values, where each point is a cell and is colored by the cluster of origin. Cluster labels are also overlaid at the median coordinates across all cells in the cluster.",https://bioconductor.org/books/3.23/OSCA.workflows/tenx-repertoire-pbmc8k_files/figure-html/unref-tsne-pbmc-adt-1.png,materials/raw/bioconductor_books/assets/OSCA/osca.workflows-human-pbmc-with-surface-proteins-10x-genomics/unref-tsne-pbmc-adt-1.png,exists
